Timestamp,Total_BsON,State_Cell_2,Throughput_Cell_2,Energy_Cell_2,EE_Ratio_Cell_2,RLF_Num_Cell_2,RLF_Pct_Cell_2,PRB_Num_Cell_2,PRB_Pct_Cell_2,QAM64_Num_Cell_2,QAM64_Pct_Cell_2,PhyBytes_Cell_2,Cost_Cell_2,State_Cell_3,Throughput_Cell_3,Energy_Cell_3,EE_Ratio_Cell_3,RLF_Num_Cell_3,RLF_Pct_Cell_3,PRB_Num_Cell_3,PRB_Pct_Cell_3,QAM64_Num_Cell_3,QAM64_Pct_Cell_3,PhyBytes_Cell_3,Cost_Cell_3,State_Cell_4,Throughput_Cell_4,Energy_Cell_4,EE_Ratio_Cell_4,RLF_Num_Cell_4,RLF_Pct_Cell_4,PRB_Num_Cell_4,PRB_Pct_Cell_4,QAM64_Num_Cell_4,QAM64_Pct_Cell_4,PhyBytes_Cell_4,Cost_Cell_4,State_Cell_5,Throughput_Cell_5,Energy_Cell_5,EE_Ratio_Cell_5,RLF_Num_Cell_5,RLF_Pct_Cell_5,PRB_Num_Cell_5,PRB_Pct_Cell_5,QAM64_Num_Cell_5,QAM64_Pct_Cell_5,PhyBytes_Cell_5,Cost_Cell_5,State_Cell_6,Throughput_Cell_6,Energy_Cell_6,EE_Ratio_Cell_6,RLF_Num_Cell_6,RLF_Pct_Cell_6,PRB_Num_Cell_6,PRB_Pct_Cell_6,QAM64_Num_Cell_6,QAM64_Pct_Cell_6,PhyBytes_Cell_6,Cost_Cell_6,State_Cell_7,Throughput_Cell_7,Energy_Cell_7,EE_Ratio_Cell_7,RLF_Num_Cell_7,RLF_Pct_Cell_7,PRB_Num_Cell_7,PRB_Pct_Cell_7,QAM64_Num_Cell_7,QAM64_Pct_Cell_7,PhyBytes_Cell_7,Cost_Cell_7,State_Cell_8,Throughput_Cell_8,Energy_Cell_8,EE_Ratio_Cell_8,RLF_Num_Cell_8,RLF_Pct_Cell_8,PRB_Num_Cell_8,PRB_Pct_Cell_8,QAM64_Num_Cell_8,QAM64_Pct_Cell_8,PhyBytes_Cell_8,Cost_Cell_8
0.1,7,1,0.0,0.0,0.0,0.0,0.0,0.0,0.0,0.0,0.0,0.0,0.9,1,0.0,0.0,0.0,0.0,0.0,0.0,0.0,0.0,0.0,0.0,0.9,1,0.0,0.0,0.0,0.0,0.0,0.0,0.0,0.0,0.0,0.0,0.9,1,0.0,0.0,0.0,0.0,0.0,0.0,0.0,0.0,0.0,0.0,0.9,1,0.0,0.0,0.0,0.0,0.0,0.0,0.0,0.0,0.0,0.0,0.9,1,0.0,0.0,0.0,0.0,0.0,0.0,0.0,0.0,0.0,0.0,0.9,1,0.0,0.0,0.0,0.0,0.0,0.0,0.0,0.0,0.0,0.0,0.9
0.2,7,1,0.0,0.0,0.0,0.0,0.0,0.0,0.0,0.0,0.0,0.0,0.81,1,0.0,0.0,0.0,0.0,0.0,0.0,0.0,0.0,0.0,0.0,0.81,1,0.0,0.0,0.0,0.0,0.0,0.0,0.0,0.0,0.0,0.0,0.81,1,0.0,0.0,0.0,0.0,0.0,0.0,0.0,0.0,0.0,0.0,0.81,1,0.0,0.0,0.0,0.0,0.0,0.0,0.0,0.0,0.0,0.0,0.81,1,0.0,0.0,0.0,0.0,0.0,0.0,0.0,0.0,0.0,0.0,0.81,1,0.0,0.0,0.0,0.0,0.0,0.0,0.0,0.0,0.0,0.0,0.81
0.3,7,1,91716.0,3960.0,23.160606002119682,0.0,0.0,0.0,0.0,52.0,0.5416666102430614,100887.6,0.7290000000000001,1,4516.0,1320.0,3.4212120952938476,0.0,0.0,0.0,0.0,0.0,0.0,4967.6,0.7290000000000001,1,2638353.0,98670.0,26.73916083645088,0.0,0.0,69.0,0.49640287769784175,1794.0,0.7799999966086956,2902188.3000000003,0.7290000000000001,1,11245932.0,289980.0,38.78175046421195,0.0,0.0,756.0,5.438848920863309,3564.0,0.4817518241663263,12370525.200000001,0.7290000000000001,1,13544.0,1020.0,13.278431242368322,0.0,0.0,2.0,0.014388489208633094,8.0,0.3636361983471826,14898.400000000001,0.7290000000000001,1,41570.0,1260.0,32.992063230221724,0.0,0.0,2.0,0.014388489208633094,0.0,0.0,45727.00000000001,0.7290000000000001,1,669.0,60.0,11.149998141666975,0.0,0.0,0.0,0.0,1.0,0.49999750001249993,735.9000000000001,0.7290000000000001
0.4,7,1,31890.0,720.0,44.29166605150464,0.0,0.0,0.0,0.0,24.0,0.9999995833335069,35079.0,0.6561,1,109190.0,1950.0,55.99487150771861,0.0,0.0,5.0,0.03597122302158273,50.0,0.7692306508875921,120109.00000000001,0.6561,1,11307421.0,202170.0,55.93026165821189,0.0,0.0,276.0,1.985611510791367,5635.0,0.914179102994518,12438163.100000001,0.6561,1,14651685.0,257580.0,56.88207546948979,0.0,0.0,432.0,3.1079136690647484,6750.0,0.8474576260546671,16116853.500000002,0.6561,1,24610.0,1560.0,15.775640924515123,0.0,0.0,8.0,0.05755395683453238,0.0,0.0,27071.000000000004,0.6561,1,187018.0,4200.0,44.52809513207597,0.0,0.0,10.0,0.07194244604316546,78.0,0.7222221553498004,205719.80000000002,0.6561,1,8296.0,480.0,17.283332973263896,0.0,0.0,0.0,0.0,0.0,0.0,9125.6,0.6561
0.5,7,1,301712.0,6480.0,46.56049375530788,0.0,0.0,8.0,0.05755395683453238,204.0,1.214285642006807,331883.2,0.5904900000000001,1,1590248.0,22440.0,70.86666663508616,0.0,0.0,36.0,0.2589928057553957,748.0,0.9999999866310163,1749272.8,0.5904900000000001,1,9456348.0,156420.0,60.454852316810204,0.0,0.0,176.0,1.2661870503597121,4928.0,1.0135746585487975,10401982.8,0.5904900000000001,1,14062178.0,306540.0,45.87387616474607,0.0,0.0,962.0,6.920863309352518,3952.0,0.5608856080600545,15468395.8,0.5904900000000001,1,5884.0,660.0,8.915151380073464,0.0,0.0,2.0,0.014388489208633094,0.0,0.0,6472.400000000001,0.5904900000000001,1,33348.0,1020.0,32.694117326528264,0.0,0.0,0.0,0.0,20.0,0.7142854591837646,36682.8,0.5904900000000001,1,277887.0,4950.0,56.138787765376186,0.0,0.0,15.0,0.1079136690647482,93.0,0.774999935416672,305675.7,0.5904900000000001
0.6,7,1,29764.0,720.0,41.338888314737666,0.0,0.0,0.0,0.0,24.0,0.9999995833335069,32740.4,0.531441,1,2911644.0,38520.0,75.5878504476667,0.0,0.0,54.0,0.38848920863309355,1218.0,0.975961530641334,3202808.4000000004,0.531441,1,11612544.0,236160.0,49.172357721495075,0.0,0.0,312.0,2.2446043165467624,7368.0,1.2279999979533334,12773798.4,0.531441,1,10578750.0,234000.0,45.208333331401356,0.0,0.0,425.0,3.0575539568345325,4375.0,0.7812499986049107,11636625.000000002,0.531441,1,0.0,0.0,0.0,0.0,0.0,0.0,0.0,0.0,0.0,0.0,0.531441,1,295218.0,4770.0,61.890565907986236,0.0,0.0,0.0,0.0,129.0,0.9148935521352091,324739.80000000005,0.531441,1,8256.0,900.0,9.173333231407408,0.0,0.0,2.0,0.014388489208633094,0.0,0.0,9081.6,0.531441
0.7,7,1,9567.0,240.0,39.86249833906257,0.0,0.0,0.0,0.0,8.0,0.9999987500015626,10523.7,0.4782969000000001,1,2095320.0,24480.0,85.59313721993745,0.0,0.0,52.0,0.37410071942446044,816.0,1.0461538327416176,2304852.0,0.4782969000000001,1,19304838.0,392850.0,49.14048109840548,0.0,0.0,972.0,6.9928057553956835,6588.0,0.6130653260626603,21235321.8,0.4782969000000001,1,22473180.0,641520.0,35.031144780598716,0.0,0.0,1215.0,8.741007194244604,7614.0,0.5212569312512789,24720498.000000004,0.4782969000000001,1,0.0,0.0,0.0,0.0,0.0,0.0,0.0,0.0,0.0,0.0,0.4782969000000001,1,680962.0,13860.0,49.13145739600905,0.0,0.0,24.0,0.17266187050359713,418.0,1.1358695343513714,749058.2000000001,0.4782969000000001,1,11344.0,1020.0,11.121568518415994,0.0,0.0,6.0,0.04316546762589928,0.0,0.0,12478.400000000001,0.4782969000000001
0.8,7,1,17092.0,420.0,40.69523712630388,0.0,0.0,0.0,0.0,12.0,0.8571422448983965,18801.2,0.4304672100000001,1,2461908.0,34740.0,70.8666666462675,0.0,0.0,54.0,0.38848920863309355,1158.0,0.9999999913644215,2708098.8000000003,0.4304672100000001,1,23250072.0,400320.0,58.07871702492809,0.0,0.0,624.0,4.489208633093525,11184.0,0.9209486158424336,25575079.200000003,0.4304672100000001,1,41149052.0,718200.0,57.29469785495274,0.0,0.0,1400.0,10.071942446043165,19348.0,1.1791808866533515,45263957.2,0.4304672100000001,1,0.0,0.0,0.0,0.0,0.0,0.0,0.0,0.0,0.0,0.0,0.4304672100000001,1,451874.0,8340.0,54.181534707216386,0.0,0.0,20.0,0.14388489208633093,186.0,0.9587628371771734,497061.4,0.4304672100000001,1,0.0,0.0,0.0,0.0,0.0,0.0,0.0,0.0,0.0,0.0,0.4304672100000001
0.9,7,1,31890.0,720.0,44.29166605150464,0.0,0.0,0.0,0.0,24.0,0.9999995833335069,35079.0,0.3874204890000001,1,2147975.0,33900.0,63.36209437658935,0.0,0.0,55.0,0.39568345323741005,980.0,0.9245282931648274,2362772.5,0.3874204890000001,1,30631978.0,531180.0,57.66779246097994,0.0,0.0,780.0,5.611510791366906,13260.0,0.9010600700590785,33695175.800000004,0.3874204890000001,1,31023616.0,650520.0,47.69048760917896,0.0,0.0,1872.0,13.467625899280575,9516.0,0.5656877894627941,34125977.6,0.3874204890000001,1,0.0,0.0,0.0,0.0,0.0,0.0,0.0,0.0,0.0,0.0,0.3874204890000001,1,29482.0,900.0,32.75777741380247,0.0,0.0,0.0,0.0,18.0,0.8181814462811607,32430.200000000004,0.3874204890000001,1,0.0,0.0,0.0,0.0,0.0,0.0,0.0,0.0,0.0,0.0,0.3874204890000001
1.0,7,1,118120.0,4350.0,27.154022926082707,0.0,0.0,0.0,0.0,80.0,0.6399999488000041,129932.00000000001,0.3486784401000001,1,2921674.0,42840.0,68.19967318669475,0.0,0.0,63.0,0.45323741007194246,1365.0,0.984848477742796,3213841.4000000004,0.3486784401000001,1,23503137.0,332010.0,70.79044908072677,0.0,0.0,567.0,4.079136690647482,9534.0,0.9208924940395127,25853450.700000003,0.3486784401000001,1,36921794.0,694200.0,53.18610486814771,0.0,0.0,1014.0,7.294964028776978,19058.0,1.0700729920999028,40613973.400000006,0.3486784401000001,1,0.0,0.0,0.0,0.0,0.0,0.0,0.0,0.0,0.0,0.0,0.3486784401000001,1,18724.0,720.0,26.00555519436729,0.0,0.0,0.0,0.0,6.0,0.3749997656251465,20596.4,0.3486784401000001,1,0.0,0.0,0.0,0.0,0.0,0.0,0.0,0.0,0.0,0.0,0.3486784401000001
1.1,7,1,361860.0,7560.0,47.86507930176577,0.0,0.0,6.0,0.04316546762589928,72.0,0.374999980468751,398046.00000000006,0.31381059609000006,1,2249510.0,32250.0,69.7522480403869,0.0,0.0,50.0,0.3597122302158273,1050.0,0.9859154837003241,2474461.0,0.31381059609000006,1,21248458.0,445500.0,47.69575308534914,0.0,0.0,1276.0,9.179856115107913,8338.0,0.7373540849510487,23373303.8,0.31381059609000006,1,26058537.0,581580.0,44.80645310972169,0.0,0.0,972.0,6.9928057553956835,14877.0,0.994584836880208,28664390.700000003,0.31381059609000006,1,0.0,0.0,0.0,0.0,0.0,0.0,0.0,0.0,0.0,0.0,0.31381059609000006,1,12050.0,600.0,20.083332998611116,0.0,0.0,0.0,0.0,6.0,0.3749997656251465,13255.000000000002,0.31381059609000006,1,0.0,0.0,0.0,0.0,0.0,0.0,0.0,0.0,0.0,0.0,0.31381059609000006
1.2,7,1,57552.0,1800.0,31.973333155703706,0.0,0.0,4.0,0.02877697841726619,28.0,0.5384614349112625,63307.200000000004,0.2824295364810001,1,1921375.0,29550.0,65.02115057021281,0.0,0.0,50.0,0.3597122302158273,890.0,0.9417989318328156,2113512.5,0.2824295364810001,1,23585056.0,448140.0,52.62876779460372,0.0,0.0,1012.0,7.280575539568345,8998.0,0.8628691974847822,25943561.6,0.2824295364810001,1,37640456.0,700560.0,53.72909672185496,0.0,0.0,1092.0,7.856115107913669,18956.0,1.025757575202512,41404501.6,0.2824295364810001,1,0.0,0.0,0.0,0.0,0.0,0.0,0.0,0.0,0.0,0.0,0.2824295364810001,1,19302.0,660.0,29.245454102341604,0.0,0.0,0.0,0.0,14.0,0.6363633471075695,21232.2,0.2824295364810001,1,0.0,0.0,0.0,0.0,0.0,0.0,0.0,0.0,0.0,0.0,0.2824295364810001
1.3,7,1,78520.0,3600.0,21.81111105052469,0.0,0.0,5.0,0.03597122302158273,45.0,0.4999999444444506,86372.0,0.2541865828329001,1,1031514.0,15480.0,66.63527127478342,0.0,0.0,18.0,0.12949640287769784,462.0,0.9390243711580413,1134665.4000000001,0.2541865828329001,1,22283268.0,358470.0,62.16215582720556,0.0,0.0,504.0,3.6258992805755397,10479.0,1.0162932780367635,24511594.8,0.2541865828329001,1,39633804.0,742560.0,53.37454751059343,0.0,0.0,1120.0,8.057553956834532,20328.0,1.0835820889746364,43597184.400000006,0.2541865828329001,1,4795.0,180.0,26.638887408950698,0.0,0.0,0.0,0.0,4.0,0.9999975000062501,5274.5,0.2541865828329001,1,16448.0,540.0,30.459258695198915,0.0,0.0,0.0,0.0,12.0,0.8571422448983965,18092.800000000003,0.2541865828329001,1,0.0,0.0,0.0,0.0,0.0,0.0,0.0,0.0,0.0,0.0,0.2541865828329001
1.4,7,1,48432.0,1710.0,28.32280685191341,0.0,0.0,3.0,0.02158273381294964,18.0,0.3999999111111308,53275.200000000004,0.2287679245496101,1,12586.0,1050.0,11.986666552507938,0.0,0.0,0.0,0.0,0.0,0.0,13844.6,0.2287679245496101,1,19407982.0,339240.0,57.210181580674146,0.0,0.0,440.0,3.1654676258992804,9218.0,0.8895966021138809,21348780.200000003,0.2287679245496101,1,40484448.0,794610.0,50.9488277261682,0.0,0.0,1080.0,7.76978417266187,23112.0,1.141333332769712,44532892.800000004,0.2287679245496101,1,7505.0,240.0,31.270832030382,0.0,0.0,0.0,0.0,7.0,1.1666647222254631,8255.5,0.2287679245496101,1,744738.0,17910.0,41.58224453289657,0.0,0.0,51.0,0.3669064748201439,0.0,0.0,819211.8,0.2287679245496101,1,0.0,0.0,0.0,0.0,0.0,0.0,0.0,0.0,0.0,0.0,0.2287679245496101
1.5,7,1,136345.0,6750.0,20.19925922933443,0.0,0.0,5.0,0.03597122302158273,80.0,0.5517240998810965,149979.5,0.20589113209464907,1,504966.0,18180.0,27.7759075754808,0.0,0.0,138.0,0.9928057553956835,0.0,0.0,555462.6000000001,0.20589113209464907,1,19922658.0,381150.0,52.26986225758179,0.0,0.0,861.0,6.194244604316546,8442.0,0.9054054044343571,21914923.8,0.20589113209464907,1,33968295.0,755730.0,44.94765987793329,0.0,0.0,1323.0,9.517985611510792,19251.0,1.018571428032502,37365124.5,0.20589113209464907,1,11814.0,480.0,24.612499487239596,0.0,0.0,1.0,0.007194244604316547,12.0,1.1999988000012,12995.400000000001,0.20589113209464907,1,655822.0,13800.0,47.523333298896134,0.0,0.0,34.0,0.2446043165467626,146.0,0.3613861296686602,721404.2000000001,0.20589113209464907,1,210.0,150.0,1.3999999066666728,0.0,0.0,0.0,0.0,0.0,0.0,231.00000000000003,0.20589113209464907
1.6,7,1,173700.0,7560.0,22.97619044579869,0.0,0.0,6.0,0.04316546762589928,66.0,0.30555554140946567,191070.00000000003,0.18530201888518416,1,103968.0,5940.0,17.503030273563922,0.0,0.0,0.0,0.0,54.0,0.4736841689750729,114364.8,0.18530201888518416,1,22910910.0,443520.0,51.656994046454344,0.0,0.0,770.0,5.539568345323741,11550.0,1.0584677409654806,25202001.000000004,0.18530201888518416,1,25658075.0,460500.0,55.71786101941981,0.0,0.0,625.0,4.496402877697841,13075.0,0.9406474813376637,28223882.500000004,0.18530201888518416,1,9726.0,390.0,24.938460899013826,0.0,0.0,0.0,0.0,11.0,1.2222208641990397,10698.6,0.18530201888518416,1,761894.0,16500.0,46.175393911408854,0.0,0.0,54.0,0.38848920863309355,12.0,0.027397259648464393,838083.4,0.18530201888518416,1,0.0,0.0,0.0,0.0,0.0,0.0,0.0,0.0,0.0,0.0,0.18530201888518416
1.7,7,1,156424.0,7560.0,20.69100526363624,0.0,0.0,12.0,0.08633093525179857,72.0,0.4615384319526646,172066.40000000002,0.16677181699666577,1,261548.0,10080.0,25.94722219648093,0.0,0.0,21.0,0.1510791366906475,63.0,0.21951218747344298,287702.80000000005,0.16677181699666577,1,16320996.0,297540.0,54.853115545645856,0.0,0.0,576.0,4.143884892086331,7722.0,0.9597315424313553,17953095.6,0.16677181699666577,1,39435760.0,728280.0,54.149173394104615,0.0,0.0,1036.0,7.453237410071942,21280.0,1.0888252143425987,43379336.0,0.16677181699666577,1,7881.0,270.0,29.188887807818972,0.0,0.0,0.0,0.0,6.0,0.666665925926749,8669.1,0.16677181699666577,1,1112148.0,26730.0,41.60673399116845,0.0,0.0,183.0,1.316546762589928,12.0,0.016194331765258682,1223362.8,0.16677181699666577,1,2364.0,180.0,13.133332603703744,0.0,0.0,0.0,0.0,0.0,0.0,2600.4,0.16677181699666577
1.8,7,1,188490.0,8460.0,22.280141817635766,0.0,0.0,0.0,0.0,102.0,0.5151514891337632,207339.00000000003,0.15009463529699918,1,241234.0,14490.0,16.648309167254446,0.0,0.0,14.0,0.10071942446043165,0.0,0.0,265357.4,0.15009463529699918,1,13966920.0,288000.0,48.4962499983161,0.0,0.0,740.0,5.323741007194244,5720.0,0.7688172032677189,15363612.000000002,0.15009463529699918,1,38957225.0,829500.0,46.9647076546478,0.0,0.0,1675.0,12.050359712230216,17625.0,0.8422939064075059,42852947.5,0.15009463529699918,1,12439.0,600.0,20.731666321138896,0.0,0.0,1.0,0.007194244604316547,6.0,0.7499990625011719,13682.900000000001,0.15009463529699918,1,1064586.0,24660.0,43.170559593199286,0.0,0.0,162.0,1.1654676258992807,30.0,0.04807692230645958,1171044.6,0.15009463529699918,1,0.0,0.0,0.0,0.0,0.0,0.0,0.0,0.0,0.0,0.0,0.15009463529699918
1.9,7,1,278274.0,11880.0,23.423737354020425,0.0,0.0,24.0,0.17266187050359713,138.0,0.5749999760416676,306101.4,0.13508517176729928,1,1395952.0,17520.0,79.67762552529815,0.0,0.0,8.0,0.05755395683453238,128.0,0.2857142793367349,1535547.2000000002,0.13508517176729928,1,11876697.0,218610.0,54.32824207244279,0.0,0.0,231.0,1.6618705035971224,5733.0,0.9446366766441973,13064366.700000001,0.13508517176729928,1,30504480.0,526320.0,57.95804833451213,0.0,0.0,720.0,5.179856115107913,16392.0,1.0270676685294062,33554928.0,0.13508517176729928,1,41350.0,1320.0,31.325757338441232,0.0,0.0,0.0,0.0,34.0,1.0624996679688536,45485.00000000001,0.13508517176729928,1,3273.0,120.0,27.274997727083523,0.0,0.0,0.0,0.0,2.0,0.49999875000312505,3600.3,0.13508517176729928,1,176562.0,2310.0,76.43376590288412,0.0,0.0,0.0,0.0,71.0,0.9220778023275581,194218.2,0.13508517176729928
2.0,7,1,390744.0,20160.0,19.382142847528698,0.0,0.0,32.0,0.2302158273381295,136.0,0.314814807527435,429818.4,0.12157665459056935,1,710465.0,20160.0,35.241319426963635,0.0,0.0,28.0,0.2014388489208633,252.0,0.44444443660591826,781511.5000000001,0.12157665459056935,1,9175986.0,178740.0,51.33705941303922,0.0,0.0,252.0,1.8129496402877698,4392.0,0.8776978399726263,10093584.600000001,0.12157665459056935,1,44994750.0,969000.0,46.4342105258366,0.0,0.0,1750.0,12.589928057553957,13200.0,0.5382262994747293,49494225.00000001,0.12157665459056935,1,28854.0,1080.0,26.716666419290128,0.0,0.0,0.0,0.0,27.0,1.1249995312501953,31739.4,0.12157665459056935,1,3098.0,180.0,17.211110154938325,0.0,0.0,0.0,0.0,3.0,0.4999991666680556,3407.8,0.12157665459056935,1,97323.0,1830.0,53.181966922502916,0.0,0.0,6.0,0.04316546762589928,6.0,0.11320752580990079,107055.3,0.12157665459056935
2.1,7,1,2718136.0,41760.0,65.089463585946,0.0,0.0,40.0,0.28776978417266186,1040.0,1.18181816838843,2989949.6,0.10941898913151242,1,3151127.0,53130.0,59.309749659456095,0.0,0.0,77.0,0.5539568345323741,1407.0,0.8481012607106615,3466239.7,0.10941898913151242,1,10913720.0,210000.0,51.97009523562048,0.0,0.0,300.0,2.158273381294964,5360.0,0.9337979077808399,12005092.000000002,0.10941898913151242,1,40190475.0,761250.0,52.795369457434546,0.0,0.0,2025.0,14.568345323741006,14850.0,0.7566878977035986,44209522.5,0.10941898913151242,1,4515.0,210.0,21.499998976190525,0.0,0.0,0.0,0.0,5.0,0.9999980000040001,4966.5,0.10941898913151242,1,42868.0,840.0,51.03333272579366,0.0,0.0,0.0,0.0,20.0,0.7142854591837646,47154.8,0.10941898913151242,1,0.0,0.0,0.0,0.0,0.0,0.0,0.0,0.0,0.0,0.0,0.10941898913151242
2.2,7,1,286614.0,12420.0,23.076811575622536,0.0,0.0,24.0,0.17266187050359713,54.0,0.19565216682419687,315275.4,0.09847709021836118,1,3172253.0,55020.0,57.65636131267605,0.0,0.0,84.0,0.60431654676259,1421.0,0.8319672082437517,3489478.3000000003,0.09847709021836118,1,4458460.0,146400.0,30.453961746553695,0.0,0.0,60.0,0.4316546762589928,860.0,0.26060605981634527,4904306.0,0.09847709021836118,1,53255202.0,843960.0,63.101571163762486,0.0,0.0,1794.0,12.906474820143885,19422.0,0.8767605629844888,58580722.2,0.09847709021836118,1,20860.0,1680.0,12.416666592757936,0.0,0.0,4.0,0.02877697841726619,16.0,0.4999998437500488,22946.000000000004,0.09847709021836118,1,802512.0,11520.0,69.66249993952908,0.0,0.0,18.0,0.12949640287769784,380.0,0.9895833075629348,882763.2000000001,0.09847709021836118,1,1600.0,180.0,8.888888395061755,0.0,0.0,0.0,0.0,0.0,0.0,1760.0000000000002,0.09847709021836118
2.3,7,1,271206.0,11880.0,22.82878785957173,0.0,0.0,18.0,0.12949640287769784,72.0,0.26086955576559584,298326.60000000003,0.08862938119652507,1,2909501.0,47880.0,60.766520455144835,0.0,0.0,84.0,0.60431654676259,1323.0,0.8669724713828802,3200451.1,0.08862938119652507,1,7866166.0,182820.0,43.02683513603398,0.0,0.0,572.0,4.115107913669065,616.0,0.14507771986557297,8652782.600000001,0.08862938119652507,1,43473012.0,854040.0,50.90278207050135,0.0,0.0,2288.0,16.46043165467626,18194.0,0.8261738257986678,47820313.2,0.08862938119652507,1,47392.0,3840.0,12.34166663452691,0.0,0.0,16.0,0.11510791366906475,0.0,0.0,52131.200000000004,0.08862938119652507,1,871828.0,12420.0,70.19549108679912,0.0,0.0,20.0,0.14388489208633093,410.0,0.9903381403299967,959010.8,0.08862938119652507,1,6351.0,420.0,15.121428211394567,0.0,0.0,1.0,0.007194244604316547,0.0,0.0,6986.1,0.08862938119652507
2.4,7,1,303000.0,16320.0,18.566176459211903,0.0,0.0,0.0,0.0,96.0,0.24489795293627672,333300.0,0.07976644307687256,1,632724.0,12420.0,50.94396131163932,0.0,0.0,30.0,0.2158273381294964,234.0,0.6964285507015313,695996.4,0.07976644307687256,1,12101640.0,322560.0,37.5174851178845,0.0,0.0,984.0,7.079136690647482,1776.0,0.21325648389378424,13311804.000000002,0.07976644307687256,1,26394211.0,536370.0,49.20896209614242,0.0,0.0,1026.0,7.381294964028777,14535.0,1.1233480167529577,29033632.1,0.07976644307687256,1,22062.0,1170.0,18.85641009524436,0.0,0.0,0.0,0.0,9.0,0.2307691715976483,24268.2,0.07976644307687256,1,957298.0,20160.0,47.48501981771577,0.0,0.0,98.0,0.7050359712230215,132.0,0.3235294038350637,1053027.8,0.07976644307687256,1,2058.0,270.0,7.622221939917707,0.0,0.0,0.0,0.0,0.0,0.0,2263.8,0.07976644307687256
2.5,7,1,549540.0,24300.0,22.614814805508306,0.0,0.0,10.0,0.07194244604316546,240.0,0.45283018013527965,604494.0,0.0717897987691853,1,1242.0,360.0,3.4499999041666696,0.0,0.0,0.0,0.0,0.0,0.0,1366.2,0.0717897987691853,1,9670374.0,204750.0,47.23015384384713,0.0,0.0,294.0,2.115107913669065,4515.0,0.7388316139112557,10637411.4,0.0717897987691853,1,19736577.0,354690.0,55.64458259168162,0.0,0.0,441.0,3.172661870503597,10668.0,1.0452674886877646,21710234.700000003,0.0717897987691853,1,42882.0,1530.0,28.027450797206203,0.0,0.0,0.0,0.0,21.0,0.5384614003945126,47170.200000000004,0.0717897987691853,1,729966.0,13020.0,56.06497691546469,0.0,0.0,52.0,0.37410071942446044,0.0,0.0,802962.6000000001,0.0717897987691853,1,7980.0,270.0,29.555554460905395,0.0,0.0,1.0,0.007194244604316547,0.0,0.0,8778.0,0.0717897987691853
2.6,7,1,362925.0,22140.0,16.39227641536031,0.0,0.0,36.0,0.2589928057553957,153.0,0.3695652084646085,399217.50000000006,0.06461081889226677,1,0.0,0.0,0.0,0.0,0.0,0.0,0.0,0.0,0.0,0.0,0.06461081889226677,1,8002512.0,151740.0,52.73831553626346,0.0,0.0,216.0,1.5539568345323742,3888.0,0.8437499981689454,8802763.200000001,0.06461081889226677,1,24884304.0,444240.0,56.01545110624853,0.0,0.0,792.0,5.697841726618705,11760.0,0.9333333325925927,27372734.400000002,0.06461081889226677,1,58299.0,2160.0,26.990277652822787,0.0,0.0,3.0,0.02158273381294964,21.0,0.3888888168724413,64128.90000000001,0.06461081889226677,1,2500.0,210.0,11.904761337868507,0.0,0.0,0.0,0.0,0.0,0.0,2750.0,0.06461081889226677,1,757456.0,10860.0,69.74732958586802,0.0,0.0,2.0,0.014388489208633094,330.0,0.9322033634970802,833201.6000000001,0.06461081889226677
2.7,7,1,244062.0,15390.0,15.858479521859337,0.0,0.0,0.0,0.0,108.0,0.26086955891619423,268468.2,0.058149737003040096,1,126875.0,3750.0,33.833333243111106,0.0,0.0,5.0,0.03597122302158273,0.0,0.0,139562.5,0.058149737003040096,1,7389404.0,214500.0,34.449435895829865,0.0,0.0,1188.0,8.546762589928058,990.0,0.1906779657344415,8128344.4,0.058149737003040096,1,29614772.0,557040.0,53.164533964290456,0.0,0.0,1386.0,9.971223021582734,13486.0,0.8719772398344904,32576249.200000003,0.058149737003040096,1,33244.0,2760.0,12.044927492590842,0.0,0.0,4.0,0.02877697841726619,0.0,0.0,36568.4,0.058149737003040096,1,14988.0,1020.0,14.694117502998848,0.0,0.0,2.0,0.014388489208633094,0.0,0.0,16486.800000000003,0.058149737003040096,1,309986.0,5280.0,58.70946958577752,0.0,0.0,13.0,0.09352517985611511,165.0,1.0784313020633136,340984.60000000003,0.058149737003040096
2.8,7,1,189224.0,12240.0,15.459477111552715,0.0,0.0,8.0,0.05755395683453238,64.0,0.22222221450617313,208146.40000000002,0.05233476330273609,1,101345.0,6150.0,16.47886176182299,0.0,0.0,35.0,0.2517985611510791,0.0,0.0,111479.50000000001,0.05233476330273609,1,2338944.0,126000.0,18.563047617574362,0.0,0.0,168.0,1.20863309352518,1104.0,0.3622047232211131,2572838.4000000004,0.05233476330273609,1,26787264.0,570150.0,46.98283609494023,0.0,0.0,903.0,6.496402877697841,13440.0,0.808080807594949,29465990.400000002,0.05233476330273609,1,59664.0,3600.0,16.573333287296297,0.0,0.0,4.0,0.02877697841726619,0.0,0.0,65630.40000000001,0.05233476330273609,1,0.0,0.0,0.0,0.0,0.0,0.0,0.0,0.0,0.0,0.0,0.05233476330273609,1,14990.0,720.0,20.8194441552855,0.0,0.0,0.0,0.0,6.0,0.299999850000075,16489.0,0.05233476330273609
2.9,7,1,306705.0,15540.0,19.736486473786044,0.0,0.0,28.0,0.2014388489208633,77.0,0.25581394498956994,337375.5,0.047101286972462485,1,1225365.0,16950.0,72.29292031133161,0.0,0.0,30.0,0.2158273381294964,550.0,0.9734513102044017,1347901.5,0.047101286972462485,1,9362276.0,166320.0,56.29074073735626,0.0,0.0,176.0,1.2661870503597121,2046.0,0.6199999981212121,10298503.600000001,0.047101286972462485,1,36620958.0,880440.0,41.59392803550959,0.0,0.0,748.0,5.381294964028777,16060.0,0.6202209003552094,40283053.800000004,0.047101286972462485,1,22263.0,1530.0,14.550980297052417,0.0,0.0,0.0,0.0,3.0,0.11111106995886298,24489.300000000003,0.047101286972462485,1,0.0,0.0,0.0,0.0,0.0,0.0,0.0,0.0,0.0,0.0,0.047101286972462485,1,68172.0,3330.0,20.472072010594378,0.0,0.0,3.0,0.02158273381294964,6.0,0.0869565091367378,74989.20000000001,0.047101286972462485
3.0,7,1,120385.0,7200.0,16.720138865666474,0.0,0.0,10.0,0.07194244604316546,95.0,0.6551723686088021,132423.5,0.04239115827521624,1,1650740.0,24600.0,67.10325200524258,0.0,0.0,40.0,0.28776978417266186,770.0,0.9390243787923856,1815814.0000000002,0.04239115827521624,1,14795475.0,279000.0,53.030376342185285,0.0,0.0,325.0,2.338129496402878,7650.0,1.0479452040439108,16275022.500000002,0.04239115827521624,1,45054080.0,1093200.0,41.2130259784009,0.0,0.0,1820.0,13.093525179856115,20480.0,0.6785950958652767,49559488.00000001,0.04239115827521624,1,13347.0,1170.0,11.407692210190666,0.0,0.0,6.0,0.04316546762589928,0.0,0.0,14681.7,0.04239115827521624,1,0.0,0.0,0.0,0.0,0.0,0.0,0.0,0.0,0.0,0.0,0.04239115827521624,1,17838.0,1200.0,14.864999876125001,0.0,0.0,0.0,0.0,0.0,0.0,19621.800000000003,0.04239115827521624
3.1,7,1,2183736.0,50400.0,43.32809522949839,0.0,0.0,168.0,1.20863309352518,150.0,0.11904761810279668,2402109.6,0.038152042447694615,1,2007909.0,34650.0,57.94831167158778,0.0,0.0,30.0,0.2158273381294964,588.0,0.6242038150296835,2208699.9000000004,0.038152042447694615,1,32896208.0,718620.0,45.776916867805284,0.0,0.0,870.0,6.258992805755396,5336.0,0.3172413791217352,36185828.800000004,0.038152042447694615,1,40011678.0,638820.0,62.63372780967043,0.0,0.0,1512.0,10.877697841726619,17208.0,1.023554603245566,44012845.800000004,0.038152042447694615,1,49116.0,3000.0,16.371999945426666,0.0,0.0,4.0,0.02877697841726619,20.0,0.33333327777778704,54027.600000000006,0.038152042447694615,1,13086.0,480.0,27.262499432031262,0.0,0.0,0.0,0.0,10.0,0.6249996093752441,14394.6,0.038152042447694615,1,0.0,0.0,0.0,0.0,0.0,0.0,0.0,0.0,0.0,0.0,0.038152042447694615
3.2,7,1,2335781.0,77280.0,30.224909416378765,0.0,0.0,518.0,3.726618705035971,91.0,0.04924242397596091,2569359.1,0.03433683820292515,1,778116.0,10980.0,70.86666660212508,0.0,0.0,18.0,0.12949640287769784,366.0,0.9999999726775964,855927.6000000001,0.03433683820292515,1,51709204.0,772560.0,66.93228228141592,0.0,0.0,1276.0,9.179856115107913,13311.0,0.6529160736484446,56880124.400000006,0.03433683820292515,1,46923230.0,871590.0,53.83635654317011,0.0,0.0,1683.0,12.107913669064748,23290.0,1.0881652099760943,51615553.00000001,0.03433683820292515,1,8688.0,1080.0,8.044444369958848,0.0,0.0,0.0,0.0,0.0,0.0,9556.800000000001,0.03433683820292515,1,12756.0,300.0,42.519998582666716,0.0,0.0,0.0,0.0,10.0,0.9999990000010001,14031.6,0.03433683820292515,1,0.0,0.0,0.0,0.0,0.0,0.0,0.0,0.0,0.0,0.0,0.03433683820292515
3.3,7,1,53676.0,3060.0,17.54117641326413,0.0,0.0,3.0,0.02158273381294964,21.0,0.2333333074074103,59043.600000000006,0.030903154382632636,1,70341.0,1440.0,48.84791632744503,0.0,0.0,0.0,0.0,6.0,0.19999993333335556,77375.1,0.030903154382632636,1,48486510.0,1347300.0,35.98790915136949,0.0,0.0,2700.0,19.424460431654676,15840.0,0.4916201115792613,53335161.00000001,0.030903154382632636,1,48161526.0,1082970.0,44.47170835716158,0.0,0.0,1869.0,13.446043165467627,24234.0,0.8709433959134076,52977678.6,0.030903154382632636,1,35224.0,2040.0,17.266666582026144,0.0,0.0,4.0,0.02877697841726619,24.0,0.5454544214876315,38746.4,0.030903154382632636,1,2187.0,120.0,18.224998481250125,0.0,0.0,0.0,0.0,2.0,0.49999875000312505,2405.7000000000003,0.030903154382632636,1,0.0,0.0,0.0,0.0,0.0,0.0,0.0,0.0,0.0,0.0,0.030903154382632636
3.4,7,1,75712.0,5040.0,15.022222192416226,0.0,0.0,12.0,0.08633093525179857,44.0,0.3437499731445333,83283.20000000001,0.027812838944369374,1,775497.0,12150.0,63.826913527714474,0.0,0.0,21.0,0.1510791366906475,354.0,0.9147286585341432,853046.7000000001,0.027812838944369374,1,64534650.0,1838700.0,35.097976831266124,0.0,0.0,3000.0,21.58273381294964,30000.0,0.7122507120816118,70988115.0,0.027812838944369374,1,44171925.0,1050210.0,42.060087982003026,0.0,0.0,2079.0,14.956834532374101,20517.0,0.7741679870295948,48589117.50000001,0.027812838944369374,1,8982.0,720.0,12.474999826736115,0.0,0.0,0.0,0.0,0.0,0.0,9880.2,0.027812838944369374,1,9363.0,270.0,34.67777649341569,0.0,0.0,0.0,0.0,8.0,1.5999968000064002,10299.300000000001,0.027812838944369374,1,0.0,0.0,0.0,0.0,0.0,0.0,0.0,0.0,0.0,0.0,0.027812838944369374
3.5,7,1,47664.0,1980.0,24.07272715114784,0.0,0.0,0.0,0.0,30.0,0.49999991666668053,52430.4,0.025031555049932437,1,1582284.0,23520.0,67.27397956323385,0.0,0.0,40.0,0.28776978417266186,736.0,0.9484535960250825,1740512.4000000001,0.025031555049932437,1,52914055.0,1143900.0,46.25758807547637,0.0,0.0,2914.0,20.964028776978417,15500.0,0.532481362969363,58205460.50000001,0.025031555049932437,1,40848520.0,1029600.0,39.67416472377939,0.0,0.0,1900.0,13.66906474820144,19940.0,0.7616501143003629,44933372.0,0.025031555049932437,1,25248.0,900.0,28.053333021629633,0.0,0.0,0.0,0.0,0.0,0.0,27772.800000000003,0.025031555049932437,1,126.0,90.0,1.3999998444444617,0.0,0.0,0.0,0.0,0.0,0.0,138.60000000000002,0.025031555049932437,1,0.0,0.0,0.0,0.0,0.0,0.0,0.0,0.0,0.0,0.0,0.025031555049932437
3.6,7,1,1593225.0,34350.0,46.382096056366194,0.0,0.0,10.0,0.07194244604316546,85.0,0.08585858499132742,1752547.5000000002,0.022528399544939195,1,1741660.0,26160.0,66.57721709993226,0.0,0.0,44.0,0.31654676258992803,808.0,0.9439252226176961,1915826.0000000002,0.022528399544939195,1,53926081.0,1316880.0,40.949882297240826,0.0,0.0,2697.0,19.402877697841728,16430.0,0.5066921604555936,59318689.1,0.022528399544939195,1,27611392.0,654720.0,42.1728250237938,0.0,0.0,1520.0,10.93525179856115,9968.0,0.611984282531935,30372531.200000003,0.022528399544939195,1,32910.0,1800.0,18.28333323175926,0.0,0.0,0.0,0.0,0.0,0.0,36201.0,0.022528399544939195,1,6569.0,210.0,31.28095089138329,0.0,0.0,0.0,0.0,7.0,0.9999985714306123,7225.900000000001,0.022528399544939195,1,0.0,0.0,0.0,0.0,0.0,0.0,0.0,0.0,0.0,0.0,0.022528399544939195
3.7,7,1,216124.0,8880.0,24.338288260880308,0.0,0.0,36.0,0.2589928057553957,88.0,0.39999998181818264,237736.40000000002,0.020275559590445275,1,1269465.0,18360.0,69.14297381854958,0.0,0.0,27.0,0.19424460431654678,591.0,0.9752475086592821,1396411.5,0.020275559590445275,1,62539950.0,1393740.0,44.87203495598266,0.0,0.0,2900.0,20.863309352517987,19807.0,0.5530364370925488,68793945.0,0.020275559590445275,1,29065820.0,734400.0,39.57764161166153,0.0,0.0,2140.0,15.39568345323741,11460.0,0.6359600440421975,31972402.000000004,0.020275559590445275,1,26048.0,1440.0,18.088888763271605,0.0,0.0,4.0,0.02877697841726619,0.0,0.0,28652.800000000003,0.020275559590445275,1,941.0,90.0,10.455554393827288,0.0,0.0,0.0,0.0,1.0,0.3333322222259259,1035.1000000000001,0.020275559590445275,1,84.0,60.0,1.3999997666667054,0.0,0.0,0.0,0.0,0.0,0.0,92.4,0.020275559590445275
3.8,7,1,1553164.0,45720.0,33.971216090557476,0.0,0.0,400.0,2.8776978417266186,96.0,0.06685236722247655,1708480.4000000001,0.01824800363140075,1,902052.0,13380.0,67.41793716934384,0.0,0.0,22.0,0.15827338129496402,418.0,0.9675925701946165,992257.2000000001,0.01824800363140075,1,55557890.0,1510320.0,36.785509030955126,0.0,0.0,2790.0,20.071942446043167,25637.0,0.7267135323071847,61113679.00000001,0.01824800363140075,1,39716424.0,826320.0,48.064217251814505,0.0,0.0,2178.0,15.66906474820144,9130.0,0.45454545431915494,43688066.400000006,0.01824800363140075,1,0.0,0.0,0.0,0.0,0.0,0.0,0.0,0.0,0.0,0.0,0.01824800363140075,1,6130.0,240.0,25.541665602430598,0.0,0.0,0.0,0.0,7.0,1.1666647222254631,6743.000000000001,0.01824800363140075,1,0.0,0.0,0.0,0.0,0.0,0.0,0.0,0.0,0.0,0.0,0.01824800363140075
3.9,7,1,2280576.0,40320.0,56.561904747876504,0.0,0.0,196.0,1.410071942446043,180.0,0.1737451720680968,2508633.6,0.016423203268260675,1,1240908.0,18180.0,68.25676563902269,0.0,0.0,27.0,0.19424460431654678,576.0,0.9696969533721052,1364998.8,0.016423203268260675,1,56564550.0,1659600.0,34.08324294990309,0.0,0.0,2790.0,20.071942446043167,28620.0,0.7045790249373266,62221005.00000001,0.016423203268260675,1,37985920.0,493200.0,77.0193025126314,0.0,0.0,1220.0,8.776978417266188,13760.0,1.0783699051109954,41784512.0,0.016423203268260675,1,2892.0,360.0,8.033333110185191,0.0,0.0,0.0,0.0,0.0,0.0,3181.2000000000003,0.016423203268260675,1,21742.0,960.0,22.647916430750872,0.0,0.0,0.0,0.0,28.0,1.7499989062506836,23916.2,0.016423203268260675,1,2900.0,240.0,12.083332829861131,0.0,0.0,0.0,0.0,0.0,0.0,3190.0000000000005,0.016423203268260675
4.0,7,1,4900962.0,134280.0,36.49807863892627,0.0,0.0,672.0,4.83453237410072,216.0,0.06557377029273294,5391058.2,0.014780882941434608,1,210404.0,4680.0,44.9581195620553,0.0,0.0,0.0,0.0,52.0,0.3823529130622858,231444.40000000002,0.014780882941434608,1,57427627.0,1624290.0,35.355525798746804,0.0,0.0,2813.0,20.237410071942445,22388.0,0.5444287727872115,63170389.7,0.014780882941434608,1,19788966.0,363420.0,54.45205547150811,0.0,0.0,576.0,4.143884892086331,10224.0,1.1269841257418605,21767862.6,0.014780882941434608,1,25869.0,1440.0,17.964583208579285,0.0,0.0,3.0,0.02158273381294964,15.0,0.35714277210886375,28455.9,0.014780882941434608,1,5449.0,210.0,25.947617812018198,0.0,0.0,0.0,0.0,0.0,0.0,5993.900000000001,0.014780882941434608,1,9016.0,540.0,16.696295987105632,0.0,0.0,0.0,0.0,0.0,0.0,9917.6,0.014780882941434608
4.1,7,1,400036.0,16590.0,24.113080154241665,0.0,0.0,7.0,0.050359712230215826,168.0,0.40677965116756293,440039.60000000003,0.013302794647291146,1,53100.0,3060.0,17.352941119761628,0.0,0.0,12.0,0.08633093525179857,0.0,0.0,58410.00000000001,0.013302794647291146,1,56169904.0,1963080.0,28.61315076294082,0.0,0.0,2436.0,17.52517985611511,32032.0,0.6065747612849237,61786894.400000006,0.013302794647291146,1,11516624.0,219360.0,52.5010211500501,0.0,0.0,256.0,1.841726618705036,5936.0,0.9488491033426325,12668286.4,0.013302794647291146,1,38784.0,1440.0,26.9333331462963,0.0,0.0,4.0,0.02877697841726619,32.0,0.9999996875000976,42662.4,0.013302794647291146,1,1349610.0,12600.0,107.11190467689532,0.0,0.0,0.0,0.0,396.0,0.9850746023613284,1484571.0000000002,0.013302794647291146,1,28974.0,1620.0,17.885185074782807,0.0,0.0,0.0,0.0,9.0,0.21428566326531825,31871.4,0.013302794647291146
4.2,7,1,212330.0,9750.0,21.777435875100068,0.0,0.0,10.0,0.07194244604316546,185.0,0.822222185679014,233563.00000000003,0.011972515182562033,1,55755.0,2160.0,25.812499880497683,0.0,0.0,6.0,0.04316546762589928,0.0,0.0,61330.50000000001,0.011972515182562033,1,42876567.0,1713150.0,25.02791174138267,0.0,0.0,2349.0,16.899280575539567,25110.0,0.5236486485394459,47164223.7,0.011972515182562033,1,42947540.0,464400.0,92.47962962763825,0.0,0.0,240.0,1.7266187050359711,13760.0,0.9555555548919753,47242294.00000001,0.011972515182562033,1,7764.0,1080.0,7.1888888223251035,0.0,0.0,0.0,0.0,0.0,0.0,8540.400000000001,0.011972515182562033,1,4839.0,210.0,23.042856045578283,0.0,0.0,0.0,0.0,6.0,1.1999976000048,5322.900000000001,0.011972515182562033,1,30891.0,2160.0,14.301388822678755,0.0,0.0,0.0,0.0,0.0,0.0,33980.100000000006,0.011972515182562033
4.3,7,1,138780.0,7200.0,19.274999973229168,0.0,0.0,10.0,0.07194244604316546,65.0,0.38235291868512244,152658.0,0.01077526366430583,1,28880.0,2280.0,12.66666661111111,0.0,0.0,4.0,0.02877697841726619,0.0,0.0,31768.000000000004,0.01077526366430583,1,50030058.0,854880.0,58.52290145916944,0.0,0.0,1534.0,11.035971223021583,17498.0,0.7436464085237372,55033063.800000004,0.01077526366430583,1,39005620.0,762000.0,51.18847768961695,0.0,0.0,1340.0,9.640287769784173,19020.0,0.9773895164556067,42906182.0,0.01077526366430583,1,29908.0,2880.0,10.384722186164158,0.0,0.0,4.0,0.02877697841726619,0.0,0.0,32898.8,0.01077526366430583,1,7120.0,180.0,39.55555335802481,0.0,0.0,0.0,0.0,6.0,0.9999983333361112,7832.000000000001,0.01077526366430583,1,198468.0,5220.0,38.02068958233585,0.0,0.0,21.0,0.1510791366906475,0.0,0.0,218314.80000000002,0.01077526366430583
4.4,7,1,136575.0,5550.0,24.608108063769176,0.0,0.0,0.0,0.0,105.0,0.7777777201646133,150232.5,0.009697737297875247,1,181440.0,10500.0,17.279999983542858,0.0,0.0,0.0,0.0,49.0,0.16279069226608997,199584.00000000003,0.009697737297875247,1,34264824.0,735120.0,46.61119817109301,0.0,0.0,1344.0,9.66906474820144,11904.0,0.6192259672184635,37691306.400000006,0.009697737297875247,1,39379320.0,729600.0,53.973848683470756,0.0,0.0,960.0,6.906474820143885,20840.0,1.0831600825971102,43317252.0,0.009697737297875247,1,29960.0,3480.0,8.609195377559782,0.0,0.0,12.0,0.08633093525179857,0.0,0.0,32956.0,0.009697737297875247,1,11807.0,420.0,28.111904092573713,0.0,0.0,0.0,0.0,8.0,0.7999992000008,12987.7,0.009697737297875247,1,420498.0,8700.0,48.333103392720574,0.0,0.0,26.0,0.18705035971223022,18.0,0.06569342825936393,462547.80000000005,0.009697737297875247
4.5,7,1,228669.0,12390.0,18.455932188494003,0.0,0.0,7.0,0.050359712230215826,140.0,0.45454543978748574,251535.90000000002,0.008727963568087723,1,5936408.0,91920.0,64.58233245598538,0.0,0.0,56.0,0.4028776978417266,1304.0,0.6442687715204112,6530048.800000001,0.008727963568087723,1,27001100.0,656250.0,41.144533332706374,0.0,0.0,1300.0,9.352517985611511,12200.0,0.8092868983022973,29701210.000000004,0.008727963568087723,1,45634390.0,694830.0,65.67705769662109,0.0,0.0,1140.0,8.201438848920864,22439.0,1.1131008477042013,50197829.00000001,0.008727963568087723,1,0.0,0.0,0.0,0.0,0.0,0.0,0.0,0.0,0.0,0.0,0.008727963568087723,1,2272.0,180.0,12.622221520987694,0.0,0.0,0.0,0.0,2.0,0.33333277777870374,2499.2000000000003,0.008727963568087723,1,23000.0,1500.0,15.333333231111112,0.0,0.0,0.0,0.0,16.0,0.5333331555556148,25300.000000000004,0.008727963568087723
4.6,7,1,119770.0,10050.0,11.91741292346526,0.0,0.0,10.0,0.07194244604316546,40.0,0.20512819460881052,131747.0,0.00785516721127895,1,3528875.0,75810.0,46.5489381286705,0.0,0.0,385.0,2.7697841726618706,63.0,0.03913043453956252,3881762.5000000005,0.00785516721127895,1,40703312.0,839280.0,48.49789343188807,0.0,0.0,2184.0,15.712230215827338,14508.0,0.6855036851797847,44773643.2,0.00785516721127895,1,39785297.0,763800.0,52.088631840114054,0.0,0.0,1425.0,10.251798561151078,18810.0,0.9192200552610956,43763826.7,0.00785516721127895,1,2700.0,420.0,6.428571275510208,0.0,0.0,0.0,0.0,0.0,0.0,2970.0000000000005,0.00785516721127895,1,485270.0,12660.0,38.33096363480966,0.0,0.0,90.0,0.6474820143884892,12.0,0.03488371991617094,533797.0,0.00785516721127895,1,20538.0,1380.0,14.882608587807184,0.0,0.0,2.0,0.014388489208633094,2.0,0.08333329861112558,22591.800000000003,0.00785516721127895
4.7,7,1,1934030.0,14700.0,131.56666657716553,0.0,0.0,20.0,0.14388489208633093,280.0,0.9032257773152976,2127433.0,0.007069650490151055,1,2929542.0,72660.0,40.31849710427766,0.0,0.0,420.0,3.0215827338129495,0.0,0.0,3222496.2,0.007069650490151055,1,47463300.0,786510.0,60.34672159209232,0.0,0.0,1593.0,11.46043165467626,15147.0,0.7824267778385109,52209630.00000001,0.007069650490151055,1,33169698.0,582120.0,56.98085961559506,0.0,0.0,990.0,7.122302158273381,17388.0,1.097727272034263,36486667.800000004,0.007069650490151055,1,31568.0,2520.0,12.526984077273871,0.0,0.0,12.0,0.08633093525179857,0.0,0.0,34724.8,0.007069650490151055,1,8963.0,330.0,27.16060523755742,0.0,0.0,0.0,0.0,6.0,0.666665925926749,9859.300000000001,0.007069650490151055,1,581244.0,11700.0,49.678974316513695,0.0,0.0,0.0,0.0,0.0,0.0,639368.4,0.007069650490151055
4.8,7,1,59620.0,3360.0,17.744047566237953,0.0,0.0,0.0,0.0,36.0,0.4999999305555652,65582.0,0.00636268544113595,1,2163232.0,40440.0,53.492383765209595,0.0,0.0,128.0,0.920863309352518,724.0,0.9282051163050626,2379555.2,0.00636268544113595,1,20268668.0,504990.0,40.13677102437401,0.0,0.0,1271.0,9.143884892086332,7781.0,0.6182266004940199,22295534.8,0.00636268544113595,1,25908255.0,453390.0,57.14341957129307,0.0,0.0,782.0,5.625899280575539,13277.0,1.0907821220088876,28499080.500000004,0.00636268544113595,1,67083.0,3960.0,16.940151472373355,0.0,0.0,12.0,0.08633093525179857,12.0,0.13793101862861853,73791.3,0.00636268544113595,1,14386.0,540.0,26.6407402473937,0.0,0.0,0.0,0.0,8.0,0.5714281632655976,15824.600000000002,0.00636268544113595,1,606830.0,12960.0,46.82330243300671,0.0,0.0,42.0,0.302158273381295,0.0,0.0,667513.0,0.00636268544113595
4.9,7,1,60124.0,3720.0,16.16236554795063,0.0,0.0,12.0,0.08633093525179857,24.0,0.31578943213296945,66136.40000000001,0.005726416897022355,1,1593860.0,33150.0,48.0802413127963,0.0,0.0,225.0,1.618705035971223,70.0,0.10526315631183224,1753246.0000000002,0.005726416897022355,1,21739444.0,531570.0,40.89667212143468,0.0,0.0,1044.0,7.510791366906475,9251.0,0.8739726019140552,23913388.400000002,0.005726416897022355,1,22933300.0,393000.0,58.3544529247238,0.0,0.0,580.0,4.172661870503597,11840.0,1.0647482004813416,25226630.000000004,0.005726416897022355,1,0.0,0.0,0.0,0.0,0.0,0.0,0.0,0.0,0.0,0.0,0.005726416897022355,1,26606.0,1200.0,22.17166648190278,0.0,0.0,0.0,0.0,2.0,0.07142854591837645,29266.600000000002,0.005726416897022355,1,325591.0,6900.0,47.18710138088826,0.0,0.0,30.0,0.2158273381294964,0.0,0.0,358150.10000000003,0.005726416897022355
5.0,7,1,30972.0,990.0,31.28484816883992,0.0,0.0,0.0,0.0,24.0,0.8888885596709039,34069.200000000004,0.00515377520732012,1,129038.0,9870.0,13.073758852002271,0.0,0.0,7.0,0.050359712230215826,0.0,0.0,141941.80000000002,0.00515377520732012,1,17096157.0,431730.0,39.599186990952695,0.0,0.0,972.0,6.9928057553956835,6885.0,0.696721310770369,18805772.700000003,0.00515377520732012,1,20504022.0,379890.0,53.97357656021549,0.0,0.0,525.0,3.776978417266187,11445.0,1.1377870552363187,22554424.200000003,0.00515377520732012,1,3788.0,360.0,10.522221929938281,0.0,0.0,0.0,0.0,0.0,0.0,4166.8,0.00515377520732012,1,29382.0,1500.0,19.587999869413334,0.0,0.0,2.0,0.014388489208633094,16.0,0.5333331555556148,32320.200000000004,0.00515377520732012,1,625282.0,14700.0,42.53619044725429,0.0,0.0,126.0,0.9064748201438849,0.0,0.0,687810.2000000001,0.00515377520732012
5.1,7,1,640128.0,10440.0,61.314942470004844,0.0,0.0,6.0,0.04316546762589928,252.0,0.839999972000001,704140.8,0.004638397686588108,1,149926.0,9030.0,16.603100756807198,0.0,0.0,7.0,0.050359712230215826,42.0,0.20689654153219006,164918.6,0.004638397686588108,1,14566257.0,391230.0,37.23195307013184,0.0,0.0,837.0,6.0215827338129495,5778.0,0.6062322939815,16022882.700000001,0.004638397686588108,1,17456980.0,329400.0,52.99629629468742,0.0,0.0,680.0,4.892086330935252,8420.0,0.9836448586639663,19202678.0,0.004638397686588108,1,15718.0,960.0,16.372916496115455,0.0,0.0,0.0,0.0,6.0,0.21428563775512938,17289.800000000003,0.004638397686588108,1,9248.0,780.0,11.856410104404999,0.0,0.0,0.0,0.0,4.0,0.1818180991735913,10172.800000000001,0.004638397686588108,1,0.0,0.0,0.0,0.0,0.0,0.0,0.0,0.0,0.0,0.0,0.004638397686588108
5.2,7,1,2766030.0,63180.0,43.78015193988918,0.0,0.0,246.0,1.7697841726618706,132.0,0.07773851544323607,3042633.0000000005,0.004174557917929297,1,209508.0,11340.0,18.475132258840272,0.0,0.0,24.0,0.17266187050359713,84.0,0.3255813827294038,230458.80000000002,0.004174557917929297,1,7803450.0,231000.0,33.781168829706445,0.0,0.0,250.0,1.7985611510791366,3950.0,0.6475409825450148,8583795.0,0.004174557917929297,1,16690863.0,391860.0,42.593944264722246,0.0,0.0,21.0,0.1510791366906475,2289.0,0.25348837181230527,18359949.3,0.004174557917929297,1,12795.0,1170.0,10.935897342428229,0.0,0.0,6.0,0.04316546762589928,0.0,0.0,14074.500000000002,0.004174557917929297,1,7654.0,1020.0,7.503921495059593,0.0,0.0,2.0,0.014388489208633094,0.0,0.0,8419.400000000001,0.004174557917929297,1,2283.0,180.0,12.683332628703743,0.0,0.0,0.0,0.0,0.0,0.0,2511.3,0.004174557917929297
5.3,7,1,3791750.0,82950.0,45.711271845001654,0.0,0.0,440.0,3.1654676258992804,345.0,0.1516483509817655,4170925.0000000005,0.0037571021261363674,1,166700.0,8700.0,19.16091951820584,0.0,0.0,20.0,0.14388489208633093,115.0,0.8518517887517193,183370.00000000003,0.0037571021261363674,1,26208603.0,409050.0,64.07188118655245,0.0,0.0,540.0,3.884892086330935,8343.0,0.8025974018253031,28829463.3,0.0037571021261363674,1,10371568.0,229140.0,45.26301824014738,0.0,0.0,1007.0,7.244604316546763,2432.0,0.45070422451685654,11408724.8,0.0037571021261363674,1,47904.0,2790.0,17.169892411577447,0.0,0.0,9.0,0.06474820143884892,18.0,0.2608695274102134,52694.4,0.0037571021261363674,1,18874.0,1080.0,17.4759257641118,0.0,0.0,2.0,0.014388489208633094,0.0,0.0,20761.4,0.0037571021261363674,1,59556.0,3780.0,15.75555551387419,0.0,0.0,6.0,0.04316546762589928,9.0,0.10344826397146391,65511.600000000006,0.0037571021261363674
5.4,7,1,32624.0,1380.0,23.64057953883638,0.0,0.0,2.0,0.014388489208633094,16.0,0.4999998437500488,35886.4,0.0033813919135227306,1,61100.0,2400.0,25.458333227256944,0.0,0.0,0.0,0.0,0.0,0.0,67210.0,0.0033813919135227306,1,46140648.0,852810.0,54.104252998275065,0.0,0.0,2759.0,19.848920863309353,6510.0,0.28610354210859473,50754712.800000004,0.0033813919135227306,1,17463747.0,310590.0,56.227653818338396,0.0,0.0,1176.0,8.46043165467626,4179.0,0.5392953922579747,19210121.700000003,0.0033813919135227306,1,34500.0,1620.0,21.296296164837678,0.0,0.0,4.0,0.02877697841726619,24.0,0.7499997656250732,37950.0,0.0033813919135227306,1,727410.0,14460.0,50.30497921832298,0.0,0.0,46.0,0.33093525179856115,58.0,0.14285713933849412,800151.0000000001,0.0033813919135227306,1,47025.0,2070.0,22.717391194601973,0.0,0.0,6.0,0.04316546762589928,15.0,0.27777772633745806,51727.50000000001,0.0033813919135227306
5.5,7,1,13008.0,450.0,28.906666024296314,0.0,0.0,0.0,0.0,9.0,0.5999996000002666,14308.800000000001,0.0030432527221704577,1,69600.0,3600.0,19.333333279629628,0.0,0.0,8.0,0.05755395683453238,0.0,0.0,76560.0,0.0030432527221704577,1,23290932.0,571200.0,40.77544117575673,0.0,0.0,840.0,6.043165467625899,11928.0,0.8537074142186463,25620025.200000003,0.0030432527221704577,1,27113772.0,636930.0,42.56946917176818,0.0,0.0,2184.0,15.712230215827338,6069.0,0.3884408599664357,29825149.200000003,0.0030432527221704577,1,33784.0,2040.0,16.560784232545174,0.0,0.0,0.0,0.0,32.0,0.7272725619835085,37162.4,0.0030432527221704577,1,26079.0,540.0,48.2944435501029,0.0,0.0,1.0,0.007194244604316547,0.0,0.0,28686.9,0.0030432527221704577,1,22060.0,720.0,30.638888463348774,0.0,0.0,0.0,0.0,10.0,0.6249996093752441,24266.000000000004,0.0030432527221704577
5.6,7,1,25574.0,840.0,30.44523773279479,0.0,0.0,2.0,0.014388489208633094,8.0,0.3333331944445023,28131.4,0.002738927449953412,1,41244.0,2760.0,14.943478206726526,0.0,0.0,0.0,0.0,24.0,0.39999993333334444,45368.4,0.002738927449953412,1,26494710.0,591300.0,44.80755961365115,0.0,0.0,870.0,6.258992805755396,11100.0,0.6851851847622313,29144181.000000004,0.002738927449953412,1,58506144.0,915120.0,63.93275635912304,0.0,0.0,2400.0,17.26618705035971,18600.0,0.8592017734390236,64356758.400000006,0.002738927449953412,1,28276.0,1740.0,16.250574619249573,0.0,0.0,4.0,0.02877697841726619,20.0,0.5555554012346107,31103.600000000002,0.002738927449953412,1,0.0,0.0,0.0,0.0,0.0,0.0,0.0,0.0,0.0,0.0,0.002738927449953412,1,1861.0,150.0,12.406665839555611,0.0,0.0,0.0,0.0,0.0,0.0,2047.1000000000001,0.002738927449953412
5.7,7,1,48813.0,1800.0,27.118333182675926,0.0,0.0,0.0,0.0,21.0,0.3888888168724413,53694.3,0.002465034704958071,1,1870372.0,69930.0,26.746346342521615,0.0,0.0,14.0,0.10071942446043165,112.0,0.05280528027908873,2057409.2000000002,0.002465034704958071,1,14330512.0,407400.0,35.175532645184695,0.0,0.0,1260.0,9.06474820143885,1988.0,0.20170454524989392,15763563.200000001,0.002465034704958071,1,58106257.0,928740.0,62.56461119298658,0.0,0.0,2185.0,15.719424460431656,19021.0,0.8005808321896625,63916882.7,0.002465034704958071,1,9997.0,420.0,23.80238038565761,0.0,0.0,0.0,0.0,3.0,0.37499953125058594,10996.7,0.002465034704958071,1,0.0,0.0,0.0,0.0,0.0,0.0,0.0,0.0,0.0,0.0,0.002465034704958071,1,9360.0,420.0,22.285713755102055,0.0,0.0,0.0,0.0,0.0,0.0,10296.0,0.002465034704958071
5.8,7,1,35120.0,1680.0,20.904761780328798,0.0,0.0,4.0,0.02877697841726619,0.0,0.0,38632.0,0.002218531234462264,1,210504.0,10290.0,20.457142837262253,0.0,0.0,7.0,0.050359712230215826,119.0,0.5151514928505847,231554.40000000002,0.002218531234462264,1,15151480.0,422970.0,35.8216421959992,0.0,0.0,1035.0,7.446043165467626,2461.0,0.2702020199053557,16666628.000000002,0.002218531234462264,1,62437392.0,1232640.0,50.653387850056355,0.0,0.0,2208.0,15.884892086330936,27984.0,0.8529626917663488,68681131.2,0.002218531234462264,1,51350.0,2520.0,20.376984046123077,0.0,0.0,2.0,0.014388489208633094,28.0,0.6999998250000437,56485.00000000001,0.002218531234462264,1,0.0,0.0,0.0,0.0,0.0,0.0,0.0,0.0,0.0,0.0,0.002218531234462264,1,11955.0,720.0,16.604166436053244,0.0,0.0,0.0,0.0,0.0,0.0,13150.500000000002,0.002218531234462264
5.9,7,1,12840.0,420.0,30.571427843537435,0.0,0.0,0.0,0.0,12.0,0.8571422448983965,14124.000000000002,0.0019966781110160375,1,208362.0,10710.0,19.45490194261914,0.0,0.0,7.0,0.050359712230215826,63.0,0.2903225672662411,229198.2,0.0019966781110160375,1,20868188.0,343860.0,60.68803582676996,0.0,0.0,1386.0,9.971223021582734,1870.0,0.23035230323928024,22955006.8,0.0019966781110160375,1,44954425.0,1081500.0,41.56673601440992,0.0,0.0,1275.0,9.172661870503598,26700.0,0.8959731540617539,49449867.50000001,0.0019966781110160375,1,41988.0,1440.0,29.15833313084491,0.0,0.0,0.0,0.0,40.0,1.249999609375122,46186.8,0.0019966781110160375,1,0.0,0.0,0.0,0.0,0.0,0.0,0.0,0.0,0.0,0.0,0.0019966781110160375,1,40545.0,2430.0,16.685185116521872,0.0,0.0,18.0,0.12949640287769784,0.0,0.0,44599.5,0.0019966781110160375
6.0,7,1,19134.0,420.0,45.55714177244901,0.0,0.0,0.0,0.0,14.0,0.9999992857147959,21047.4,0.001797010299914434,1,729498.0,21210.0,34.39405938972463,0.0,0.0,42.0,0.302158273381295,294.0,0.5915492838722478,802447.8,0.001797010299914434,1,17542872.0,349920.0,50.13395061585122,0.0,0.0,1440.0,10.359712230215827,1560.0,0.18786127145007073,19297159.200000003,0.001797010299914434,1,37960200.0,1648500.0,23.02711555945995,0.0,0.0,1825.0,13.129496402877697,17200.0,0.409767718782664,41756220.0,0.001797010299914434,1,1538068.0,21120.0,72.82518935945777,0.0,0.0,0.0,0.0,440.0,0.940170920081818,1691874.8,0.001797010299914434,1,0.0,0.0,0.0,0.0,0.0,0.0,0.0,0.0,0.0,0.0,0.001797010299914434,1,52638.0,2790.0,18.866666599044205,0.0,0.0,15.0,0.1079136690647482,0.0,0.0,57901.8,0.001797010299914434
6.1,7,1,1184679.0,13950.0,84.92322574557475,0.0,0.0,0.0,0.0,348.0,1.1153845796351096,1303146.9000000001,0.0016173092699229906,1,2048420.0,33900.0,60.42536871373882,0.0,0.0,50.0,0.3597122302158273,965.0,0.9146919344578964,2253262.0,0.0016173092699229906,1,9135768.0,291600.0,31.329794237608716,0.0,0.0,1104.0,7.942446043165468,1200.0,0.18518518489940558,10049344.8,0.0016173092699229906,1,61689114.0,1959390.0,31.483836295829395,0.0,0.0,2619.0,18.841726618705035,36639.0,0.6754604279491435,67858025.4,0.0016173092699229906,1,7010.0,270.0,25.962962001371782,0.0,0.0,0.0,0.0,7.0,0.9999985714306123,7711.000000000001,0.0016173092699229906,1,0.0,0.0,0.0,0.0,0.0,0.0,0.0,0.0,0.0,0.0,0.0016173092699229906,1,804105.0,25200.0,31.9089285587663,0.0,0.0,234.0,1.683453237410072,9.0,0.012396694044122672,884515.5000000001,0.0016173092699229906
6.2,7,1,244356.0,7920.0,30.85303026407446,0.0,0.0,0.0,0.0,32.0,0.17021275690357676,268791.60000000003,0.0014555783429306916,1,2221355.0,39750.0,55.88314464002939,0.0,0.0,60.0,0.4316546762589928,1170.0,1.1304347716866205,2443490.5,0.0014555783429306916,1,44843280.0,500400.0,89.61486810372472,0.0,0.0,840.0,6.043165467625899,10392.0,0.8747474740111554,49327608.00000001,0.0014555783429306916,1,42005725.0,1351500.0,31.08081760983292,0.0,0.0,2250.0,16.18705035971223,21000.0,0.5882352939528752,46206297.50000001,0.0014555783429306916,1,9490.0,360.0,26.361110378858047,0.0,0.0,0.0,0.0,6.0,0.49999958333368055,10439.0,0.0014555783429306916,1,0.0,0.0,0.0,0.0,0.0,0.0,0.0,0.0,0.0,0.0,0.0014555783429306916,1,717306.0,28440.0,25.221729948937508,0.0,0.0,270.0,1.9424460431654675,9.0,0.00986842094442521,789036.6000000001,0.0014555783429306916
6.3,7,1,1354800.0,8040.0,168.50746247698078,0.0,0.0,32.0,0.2302158273381295,244.0,0.9999999590163952,1490280.0000000002,0.0013100205086376223,1,2501040.0,43020.0,58.136680600154186,0.0,0.0,60.0,0.4316546762589928,1290.0,0.9817351523460034,2751144.0,0.0013100205086376223,1,44282424.0,599040.0,73.9223157038942,0.0,0.0,1416.0,10.18705035971223,7224.0,0.4533132527275896,48710666.400000006,0.0013100205086376223,1,42706344.0,1384560.0,30.844704454622082,0.0,0.0,2256.0,16.230215827338128,16512.0,0.4956772332805964,46976978.400000006,0.0013100205086376223,1,6882.0,540.0,12.744444208436219,0.0,0.0,0.0,0.0,6.0,0.42857112244919826,7570.200000000001,0.0013100205086376223,1,0.0,0.0,0.0,0.0,0.0,0.0,0.0,0.0,0.0,0.0,0.0013100205086376223,1,388899.0,19890.0,19.552488677952496,0.0,0.0,192.0,1.381294964028777,0.0,0.0,427788.9,0.0013100205086376223
6.4,7,1,111906.0,5400.0,20.72333329495679,0.0,0.0,0.0,0.0,60.0,0.38461535996055385,123096.6,0.0011790184577738603,1,2071770.0,31800.0,65.14999997951259,0.0,0.0,50.0,0.3597122302158273,985.0,0.947115375508506,2278947.0,0.0011790184577738603,1,20222232.0,641520.0,31.522371866324942,0.0,0.0,2544.0,18.302158273381295,768.0,0.05119999996586667,22244455.200000003,0.0011790184577738603,1,51527016.0,1223280.0,42.12201294844907,0.0,0.0,2376.0,17.093525179856115,19080.0,0.6134259257287082,56679717.6,0.0011790184577738603,1,0.0,0.0,0.0,0.0,0.0,0.0,0.0,0.0,0.0,0.0,0.0011790184577738603,1,0.0,0.0,0.0,0.0,0.0,0.0,0.0,0.0,0.0,0.0,0.0011790184577738603,1,86622.0,3510.0,24.678632408322983,0.0,0.0,21.0,0.1510791366906475,9.0,0.14285712018140947,95284.20000000001,0.0011790184577738603
6.5,7,1,86364.0,5760.0,14.993749973969186,0.0,0.0,6.0,0.04316546762589928,18.0,0.12499999131944504,95000.40000000001,0.001061116611996474,1,95082.0,3600.0,26.411666593300925,0.0,0.0,0.0,0.0,30.0,0.27777775205761557,104590.20000000001,0.001061116611996474,1,22922600.0,285750.0,80.21907261311569,0.0,0.0,325.0,2.338129496402878,4050.0,0.578571427744898,25214860.000000004,0.001061116611996474,1,39014923.0,938400.0,41.576004901517734,0.0,0.0,1771.0,12.741007194244604,17158.0,0.7467467464217492,42916415.300000004,0.001061116611996474,1,0.0,0.0,0.0,0.0,0.0,0.0,0.0,0.0,0.0,0.0,0.001061116611996474,1,0.0,0.0,0.0,0.0,0.0,0.0,0.0,0.0,0.0,0.0,0.001061116611996474,1,714864.0,15420.0,46.35953304386541,0.0,0.0,52.0,0.37410071942446044,20.0,0.04739336380584446,786350.4,0.001061116611996474
6.6,7,1,57210.0,3150.0,18.16190470424792,0.0,0.0,5.0,0.03597122302158273,20.0,0.2499999687500039,62931.00000000001,0.0009550049507968268,1,114440.0,6240.0,18.339743560352975,0.0,0.0,0.0,0.0,104.0,0.5416666384548626,125884.00000000001,0.0009550049507968268,1,11028580.0,243000.0,45.38510287879074,0.0,0.0,740.0,5.323741007194244,1160.0,0.21245421206510218,12131438.000000002,0.0009550049507968268,1,50889200.0,1151250.0,44.20343105281908,0.0,0.0,2575.0,18.52517985611511,13675.0,0.46553191473513805,55978120.00000001,0.0009550049507968268,1,7154.0,900.0,7.948888800567903,0.0,0.0,0.0,0.0,0.0,0.0,7869.400000000001,0.0009550049507968268,1,0.0,0.0,0.0,0.0,0.0,0.0,0.0,0.0,0.0,0.0,0.0009550049507968268,1,1020321.0,22410.0,45.52971885518531,0.0,0.0,72.0,0.5179856115107914,12.0,0.018957345672079847,1122353.1,0.0009550049507968268
6.7,7,1,1584342.0,21420.0,73.96554618395633,0.0,0.0,0.0,0.0,156.0,0.31325300575797177,1742776.2000000002,0.0008595044557171441,1,57575.0,3750.0,15.35333329239111,0.0,0.0,5.0,0.03597122302158273,20.0,0.36363629752067317,63332.50000000001,0.0008595044557171441,1,15542640.0,370080.0,41.99805447357333,0.0,0.0,1464.0,10.532374100719425,1416.0,0.17878787856213652,17096904.0,0.0008595044557171441,1,48346782.0,1036860.0,46.628071291720886,0.0,0.0,2046.0,14.719424460431656,21208.0,0.7761674715355851,53181460.2,0.0008595044557171441,1,32928.0,1890.0,17.422222130041153,0.0,0.0,6.0,0.04316546762589928,9.0,0.1578947091412791,36220.8,0.0008595044557171441,1,167264.0,5850.0,28.592136703261307,0.0,0.0,0.0,0.0,0.0,0.0,183990.40000000002,0.0008595044557171441,1,337330.0,7140.0,47.245097973046086,0.0,0.0,32.0,0.2302158273381295,18.0,0.1046511567063281,371063.00000000006,0.0008595044557171441
6.8,7,1,2616082.0,70350.0,37.18666666138071,0.0,0.0,455.0,3.273381294964029,56.0,0.03404255298454375,2877690.2,0.0007735540101454297,1,77965.0,3450.0,22.598550659134634,0.0,0.0,0.0,0.0,80.0,1.0666665244444633,85761.5,0.0007735540101454297,1,9581475.0,267750.0,35.785154060288136,0.0,0.0,450.0,3.237410071942446,3950.0,0.6171874990356445,10539622.5,0.0007735540101454297,1,52426080.0,1072800.0,48.8684563753834,0.0,0.0,1760.0,12.661870503597122,22240.0,0.7282252780850605,57668688.00000001,0.0007735540101454297,1,26925.0,1800.0,14.958333250231481,0.0,0.0,3.0,0.02158273381294964,12.0,0.2499999479166775,29617.500000000004,0.0007735540101454297,1,76760.0,2490.0,30.827309113143336,0.0,0.0,24.0,0.17266187050359713,0.0,0.0,84436.0,0.0007735540101454297,1,11690.0,780.0,14.987179295036164,0.0,0.0,0.0,0.0,6.0,0.49999958333368055,12859.000000000002,0.0007735540101454297
6.9,7,1,2426775.0,49350.0,49.174772026509665,0.0,0.0,175.0,1.2589928057553956,305.0,0.2711111087012346,2669452.5,0.0006961986091308868,1,105252.0,5040.0,20.88333329189815,0.0,0.0,12.0,0.08633093525179857,30.0,0.23809521919879212,115777.20000000001,0.0006961986091308868,1,15000900.0,429000.0,34.96713286631778,0.0,0.0,1075.0,7.733812949640288,2425.0,0.24556962000448646,16500990.000000002,0.0006961986091308868,1,57243543.0,1108800.0,51.62657196923136,0.0,0.0,2121.0,15.258992805755396,21630.0,0.6736429036489324,62967897.300000004,0.0006961986091308868,1,14112.0,1440.0,9.799999931944445,0.0,0.0,3.0,0.02158273381294964,12.0,0.285714217687091,15523.2,0.0006961986091308868,1,97769.0,4260.0,22.950469429693737,0.0,0.0,42.0,0.302158273381295,0.0,0.0,107545.90000000001,0.0006961986091308868,1,24186.0,1440.0,16.795833216695602,0.0,0.0,4.0,0.02877697841726619,0.0,0.0,26604.600000000002,0.0006961986091308868
7.0,7,1,3371025.0,74970.0,44.964985988400024,0.0,0.0,357.0,2.568345323741007,49.0,0.03181818161157025,3708127.5000000005,0.0006265787482177981,1,61825.0,4050.0,15.265432061073007,0.0,0.0,0.0,0.0,0.0,0.0,68007.5,0.0006265787482177981,1,8128100.0,168750.0,48.16651851566421,0.0,0.0,250.0,1.7985611510791366,1725.0,0.4693877538247952,8940910.0,0.0006265787482177981,1,39523880.0,691800.0,57.13194564820567,0.0,0.0,1100.0,7.913669064748201,21540.0,1.0527859232391075,43476268.0,0.0006265787482177981,1,42249.0,1800.0,23.47166653626852,0.0,0.0,6.0,0.04316546762589928,0.0,0.0,46473.9,0.0006265787482177981,1,39384.0,2160.0,18.233333248919752,0.0,0.0,21.0,0.1510791366906475,0.0,0.0,43322.4,0.0006265787482177981,1,2802.0,150.0,18.679998754666748,0.0,0.0,0.0,0.0,1.0,0.19999960000080003,3082.2000000000003,0.0006265787482177981
7.1,7,1,2839620.0,55620.0,51.05393742339915,0.0,0.0,174.0,1.2517985611510791,408.0,0.3300970847079524,3123582.0000000005,0.0005639208733960184,1,32652.0,3780.0,8.638095215243133,0.0,0.0,0.0,0.0,0.0,0.0,35917.200000000004,0.0005639208733960184,1,4487589.0,184680.0,24.299269004532206,0.0,0.0,270.0,1.9424460431654675,1053.0,0.22413793055739054,4936347.9,0.0005639208733960184,1,36709045.0,664620.0,55.23313321815123,0.0,0.0,1102.0,7.928057553956834,20653.0,1.0177902616707124,40379949.5,0.0005639208733960184,1,14390.0,900.0,15.988888711234571,0.0,0.0,0.0,0.0,0.0,0.0,15829.000000000002,0.0005639208733960184,1,275343.0,12240.0,22.495343118876352,0.0,0.0,114.0,0.8201438848920863,0.0,0.0,302877.30000000005,0.0005639208733960184,1,8498.0,300.0,28.326665722444478,0.0,0.0,0.0,0.0,7.0,0.8749989062513672,9347.800000000001,0.0005639208733960184
7.2,7,1,4142790.0,91350.0,45.35073891129165,0.0,0.0,135.0,0.9712230215827338,765.0,0.32622601140202123,4557069.0,0.0005075287860564165,1,103812.0,8640.0,12.015277763871207,0.0,0.0,48.0,0.34532374100719426,0.0,0.0,114193.20000000001,0.0005075287860564165,1,13321728.0,389760.0,34.179310343950654,0.0,0.0,700.0,5.0359712230215825,2576.0,0.25414364615810614,14653900.8,0.0005075287860564165,1,31385131.0,578550.0,54.24791461318386,0.0,0.0,1045.0,7.517985611510792,17442.0,1.2558139525841934,34523644.1,0.0005075287860564165,1,0.0,0.0,0.0,0.0,0.0,0.0,0.0,0.0,0.0,0.0,0.0005075287860564165,1,30873.0,1620.0,19.057407289769092,0.0,0.0,0.0,0.0,12.0,0.285714217687091,33960.3,0.0005075287860564165,1,84.0,60.0,1.3999997666667054,0.0,0.0,0.0,0.0,0.0,0.0,92.4,0.0005075287860564165
7.3,7,1,5363603.0,150360.0,35.671741152189966,0.0,0.0,798.0,5.741007194244604,84.0,0.022641509372933934,5899963.300000001,0.00045677590745077487,1,160300.0,10920.0,14.679487166044426,0.0,0.0,14.0,0.10071942446043165,49.0,0.21874999023437544,176330.0,0.00045677590745077487,1,2562432.0,151920.0,16.866982621322606,0.0,0.0,216.0,1.5539568345323742,1056.0,0.335877861527106,2818675.2,0.00045677590745077487,1,60556629.0,1114470.0,54.33670623655785,0.0,0.0,1911.0,13.748201438848922,26565.0,0.9055118107149634,66612291.900000006,0.00045677590745077487,1,321040.0,3570.0,89.9271706164505,0.0,0.0,0.0,0.0,48.0,0.6315788642659389,353144.0,0.00045677590745077487,1,19272.0,660.0,29.199999557575765,0.0,0.0,0.0,0.0,18.0,1.285713367347595,21199.2,0.00045677590745077487,1,10156.0,450.0,22.568888387358037,0.0,0.0,0.0,0.0,0.0,0.0,11171.6,0.00045677590745077487
7.4,7,1,17341470.0,230580.0,75.20804059002481,0.0,0.0,1026.0,7.381294964028777,3762.0,0.6362252652862755,19075617.0,0.0004110983167056974,1,117816.0,7560.0,15.58412696351306,0.0,0.0,6.0,0.04316546762589928,48.0,0.3199999786666681,129597.6,0.0004110983167056974,1,1258422.0,71940.0,17.492660548027153,0.0,0.0,22.0,0.15827338129496402,374.0,0.2207792194759196,1384264.2000000002,0.0004110983167056974,1,51563182.0,1006500.0,51.23018579184073,0.0,0.0,1496.0,10.762589928057555,29172.0,0.9664723028868035,56719500.2,0.0004110983167056974,1,848108.0,17640.0,48.07868478000075,0.0,0.0,62.0,0.4460431654676259,62.0,0.1428571395655037,932918.8,0.0004110983167056974,1,16136.0,600.0,26.89333288511112,0.0,0.0,0.0,0.0,6.0,0.49999958333368055,17749.600000000002,0.0004110983167056974,1,5277.0,270.0,19.54444372057616,0.0,0.0,0.0,0.0,0.0,0.0,5804.700000000001,0.0004110983167056974
7.5,7,1,10983360.0,81540.0,134.69904339775582,0.0,0.0,636.0,4.575539568345324,810.0,0.419254656215038,12081696.000000002,0.00036998848503512764,1,152190.0,9000.0,16.90999998121111,0.0,0.0,12.0,0.08633093525179857,54.0,0.25714284489795974,167409.0,0.00036998848503512764,1,1408957.0,82800.0,17.01638888683377,0.0,0.0,23.0,0.16546762589928057,575.0,0.2777777764358561,1549852.7000000002,0.00036998848503512764,1,44879520.0,1066200.0,42.09296567208691,0.0,0.0,1840.0,13.237410071942445,22040.0,0.6970271977555259,49367472.00000001,0.00036998848503512764,1,1676640.0,35160.0,47.686006812375986,0.0,0.0,80.0,0.5755395683453237,756.0,0.8873239332473717,1844304.0000000002,0.00036998848503512764,1,12320.0,360.0,34.222221271604965,0.0,0.0,0.0,0.0,10.0,0.8333326388894676,13552.000000000002,0.00036998848503512764,1,79262.0,3120.0,25.40448709806254,0.0,0.0,0.0,0.0,0.0,0.0,87188.20000000001,0.00036998848503512764
7.6,7,1,3431940.0,43080.0,79.66434538540753,0.0,0.0,252.0,1.8129496402877698,212.0,0.23766815877053635,3775134.0000000005,0.0003329896365316149,1,8888796.0,43050.0,206.47609751301366,0.0,0.0,14.0,0.10071942446043165,1148.0,0.8453608185172252,9777675.600000001,0.0003329896365316149,1,2163240.0,129600.0,16.69166666537873,0.0,0.0,96.0,0.6906474820143885,576.0,0.17777777722908092,2379564.0,0.0003329896365316149,1,44056173.0,1299690.0,33.89744708327449,0.0,0.0,1995.0,14.352517985611511,31248.0,0.8974668272452562,48461790.300000004,0.0003329896365316149,1,1443944.0,33720.0,42.82158954839217,0.0,0.0,140.0,1.0071942446043165,124.0,0.14220183323163035,1588338.4000000001,0.0003329896365316149,1,168.0,120.0,1.399999883333343,0.0,0.0,0.0,0.0,0.0,0.0,184.8,0.0003329896365316149,1,10485.0,540.0,19.416666307098772,0.0,0.0,1.0,0.007194244604316547,0.0,0.0,11533.500000000002,0.0003329896365316149
7.7,7,1,2820738.0,53280.0,52.94177926934275,0.0,0.0,378.0,2.7194244604316546,42.0,0.035353535055946676,3102811.8000000003,0.0002996906728784534,1,3589740.0,77700.0,46.19999999405405,0.0,0.0,343.0,2.4676258992805757,665.0,0.30844155701093895,3948714.0000000005,0.0002996906728784534,1,6562224.0,210960.0,31.106484640163707,0.0,0.0,384.0,2.762589928057554,1224.0,0.21161825689554245,7218446.4,0.0002996906728784534,1,42538492.0,809400.0,52.55558685381078,0.0,0.0,1178.0,8.474820143884893,24206.0,1.0265914580658249,46792341.2,0.0002996906728784534,1,3262074.0,61380.0,53.14555228850675,0.0,0.0,198.0,1.4244604316546763,282.0,0.19999999858156028,3588281.4000000004,0.0002996906728784534,1,415578.0,7530.0,55.18964136096994,0.0,0.0,19.0,0.1366906474820144,214.0,1.1443849655409108,457135.80000000005,0.0002996906728784534,1,4583.0,210.0,21.82380848458055,0.0,0.0,0.0,0.0,0.0,0.0,5041.3,0.0002996906728784534
7.8,7,1,64530.0,3300.0,19.554545395289257,0.0,0.0,0.0,0.0,20.0,0.22222219753086694,70983.0,0.0002697216055906081,1,3233671.0,55650.0,58.107295587042714,0.0,0.0,112.0,0.8057553956834532,1407.0,0.837499995014881,3557038.1,0.0002697216055906081,1,49174272.0,596160.0,82.48502415320577,0.0,0.0,624.0,4.489208633093525,9864.0,0.673770491343053,54091699.2,0.0002697216055906081,1,34211685.0,752400.0,45.470075756971426,0.0,0.0,1501.0,10.798561151079136,17423.0,0.90255905465056,37632853.5,0.0002697216055906081,1,6317136.0,137340.0,45.996330271880275,0.0,0.0,420.0,3.0215827338129495,1674.0,0.5670731688107277,6948849.600000001,0.0002697216055906081,1,613806.0,11310.0,54.271087485171456,0.0,0.0,49.0,0.35251798561151076,178.0,0.8557691896264813,675186.6000000001,0.0002697216055906081,1,5415.0,300.0,18.049999398333355,0.0,0.0,0.0,0.0,0.0,0.0,5956.500000000001,0.0002697216055906081
7.9,7,1,38550.0,3150.0,12.23809519924414,0.0,0.0,5.0,0.03597122302158273,20.0,0.2499999687500039,42405.0,0.0002427494450315473,1,2325415.0,35400.0,65.68968924698031,0.0,0.0,55.0,0.39568345323741005,1110.0,0.9652173829111532,2557956.5,0.0002427494450315473,1,27591788.0,526680.0,52.3881446029394,0.0,0.0,784.0,5.640287769784172,13104.0,0.8897338397000721,30350966.8,0.0002427494450315473,1,38360376.0,675540.0,56.78475885873842,0.0,0.0,1422.0,10.23021582733813,14202.0,0.7394564194837778,42196413.6,0.0002427494450315473,1,2271270.0,49350.0,46.023708197360946,0.0,0.0,225.0,1.618705035971223,40.0,0.03587443914013956,2498397.0,0.0002427494450315473,1,1291422.0,5130.0,251.73918079583007,0.0,0.0,41.0,0.2949640287769784,159.0,1.152173829552621,1420564.2000000002,0.0002427494450315473,1,84.0,60.0,1.3999997666667054,0.0,0.0,0.0,0.0,0.0,0.0,92.4,0.0002427494450315473
8.0,7,1,101052.0,6300.0,16.039999974539683,0.0,0.0,6.0,0.04316546762589928,42.0,0.2799999813333346,111157.20000000001,0.00021847450052839255,1,1592415.0,22200.0,71.73040537309441,0.0,0.0,35.0,0.2517985611510791,705.0,0.952702689828342,1751656.5000000002,0.00021847450052839255,1,15148242.0,426060.0,35.55424588002736,0.0,0.0,1647.0,11.848920863309353,4374.0,0.44999999953703707,16663066.200000001,0.00021847450052839255,1,35871336.0,746280.0,48.066859623089634,0.0,0.0,1800.0,12.949640287769784,16128.0,0.7677806337390362,39458469.6,0.00021847450052839255,1,2212570.0,54000.0,40.97351851093083,0.0,0.0,320.0,2.302158273381295,10.0,0.007518796935948895,2433827.0,0.00021847450052839255,1,212272.0,900.0,235.85777515713585,0.0,0.0,6.0,0.04316546762589928,26.0,1.4444436419757545,233499.2,0.00021847450052839255,1,3740.0,180.0,20.777776623456855,0.0,0.0,0.0,0.0,0.0,0.0,4114.0,0.00021847450052839255
8.1,7,1,87950.0,5850.0,15.034188008488568,0.0,0.0,15.0,0.1079136690647482,45.0,0.34615381952662927,96745.00000000001,0.00019662705047555332,1,8742.0,2700.0,3.237777765786008,0.0,0.0,0.0,0.0,0.0,0.0,9616.2,0.00019662705047555332,1,17170752.0,362160.0,47.412060966219016,0.0,0.0,1536.0,11.050359712230216,3120.0,0.3682719542395279,18887827.200000003,0.00019662705047555332,1,36614976.0,730740.0,50.10670826764504,0.0,0.0,1957.0,14.079136690647482,14668.0,0.7766599593473155,40276473.6,0.00019662705047555332,1,1620332.0,36000.0,45.00922220971966,0.0,0.0,188.0,1.3525179856115108,32.0,0.03539822969692224,1782365.2000000002,0.00019662705047555332,1,2283.0,450.0,5.073333220592596,0.0,0.0,0.0,0.0,0.0,0.0,2511.3,0.00019662705047555332,1,17306.0,840.0,20.602380707114516,0.0,0.0,0.0,0.0,0.0,0.0,19036.600000000002,0.00019662705047555332
8.2,7,1,55220.0,3300.0,16.733333282626262,0.0,0.0,0.0,0.0,10.0,0.1333333155555579,60742.00000000001,0.00017696434542799797,1,32260.0,2700.0,11.948148103895747,0.0,0.0,0.0,0.0,0.0,0.0,35486.0,0.00017696434542799797,1,12305766.0,274560.0,44.81995192144449,0.0,0.0,396.0,2.8489208633093526,7480.0,1.1295681046065116,13536342.600000001,0.00017696434542799797,1,41406168.0,1143990.0,36.1945191825436,0.0,0.0,1786.0,12.848920863309353,19475.0,0.6204600482284759,45546784.800000004,0.00017696434542799797,1,6670975.0,55200.0,120.8509963549183,0.0,0.0,415.0,2.985611510791367,70.0,0.04895104860873393,7338072.500000001,0.00017696434542799797,1,35975.0,2700.0,13.32407402472565,0.0,0.0,0.0,0.0,0.0,0.0,39572.5,0.00017696434542799797,1,18314.0,1020.0,17.954901784755865,0.0,0.0,0.0,0.0,0.0,0.0,20145.4,0.00017696434542799797
8.3,7,1,103746.0,5760.0,18.011458302063442,0.0,0.0,0.0,0.0,84.0,0.6363635881542736,114120.6,0.00015926791088519818,1,702153.0,15660.0,44.83735629320731,0.0,0.0,51.0,0.3669064748201439,63.0,0.1779660966676244,772368.3,0.00015926791088519818,1,20548632.0,428400.0,47.965994396639445,0.0,0.0,648.0,4.661870503597123,11832.0,1.226368157932869,22603495.200000003,0.00015926791088519818,1,46829826.0,1343520.0,34.856069131573356,0.0,0.0,1854.0,13.338129496402878,25452.0,0.6585933859497507,51512808.6,0.00015926791088519818,1,8963985.0,62250.0,143.99975901301207,0.0,0.0,530.0,3.8129496402877696,55.0,0.03384615363786982,9860383.5,0.00015926791088519818,1,19144.0,1080.0,17.725925761796983,0.0,0.0,0.0,0.0,0.0,0.0,21058.4,0.00015926791088519818,1,30867.0,2160.0,14.290277711619083,0.0,0.0,3.0,0.02158273381294964,0.0,0.0,33953.700000000004,0.00015926791088519818
8.4,7,1,1316190.0,39780.0,33.08672699017428,0.0,0.0,276.0,1.985611510791367,48.0,0.041237113047791124,1447809.0000000002,0.00014334111979667836,1,1141854.0,13860.0,82.38484842540775,0.0,0.0,60.0,0.4316546762589928,255.0,1.0119047217498127,1256039.4000000001,0.00014334111979667836,1,22298325.0,526500.0,42.3519943011899,0.0,0.0,800.0,5.755395683453237,12100.0,1.0104384125173793,24528157.500000004,0.00014334111979667836,1,46013079.0,1330950.0,34.57160599545759,0.0,0.0,1976.0,14.215827338129497,28291.0,0.8127729255306902,50614386.900000006,0.00014334111979667836,1,1607523.0,33120.0,48.53632244911343,0.0,0.0,69.0,0.49640287769784175,711.0,1.0304347676748584,1768275.3,0.00014334111979667836,1,9087.0,540.0,16.82777746615227,0.0,0.0,0.0,0.0,9.0,0.7499993750005208,9995.7,0.00014334111979667836,1,45904.0,2160.0,21.251851753463647,0.0,0.0,0.0,0.0,28.0,0.4999999107143016,50494.4,0.00014334111979667836
8.5,7,1,2231976.0,76320.0,29.24496854962723,0.0,0.0,576.0,4.143884892086331,64.0,0.028776978287873296,2455173.6,0.00012900700781701054,1,0.0,0.0,0.0,0.0,0.0,0.0,0.0,0.0,0.0,0.0,0.00012900700781701054,1,20618612.0,472080.0,43.67609727072369,0.0,0.0,420.0,3.0215827338129495,6468.0,0.49358974321307253,22680473.200000003,0.00012900700781701054,1,58734460.0,1060200.0,55.39941520415582,0.0,0.0,2040.0,14.676258992805755,24560.0,0.8208556146989119,64607906.00000001,0.00012900700781701054,1,2306.0,90.0,25.62221937530896,0.0,0.0,0.0,0.0,3.0,0.9999966666777778,2536.6000000000004,0.00012900700781701054,1,4176.0,360.0,11.599999677777788,0.0,0.0,0.0,0.0,0.0,0.0,4593.6,0.00012900700781701054,1,11732.0,840.0,13.966666500396828,0.0,0.0,0.0,0.0,8.0,0.5714281632655976,12905.2,0.00012900700781701054
8.6,7,1,2771388.0,109620.0,25.281773396708466,0.0,0.0,945.0,6.798561151079137,36.0,0.010230178999061725,3048526.8000000003,0.00011610630703530949,1,92740.0,4350.0,21.319540180874622,0.0,0.0,0.0,0.0,20.0,0.14814813717421205,102014.00000000001,0.00011610630703530949,1,15687656.0,375360.0,41.79362744986696,0.0,0.0,690.0,4.9640287769784175,7360.0,0.8556149722673623,17256421.6,0.00011610630703530949,1,38766120.0,871800.0,44.466758430322706,0.0,0.0,1980.0,14.244604316546763,14460.0,0.6080740115188924,42642732.0,0.00011610630703530949,1,10258.0,420.0,24.423808942290265,0.0,0.0,0.0,0.0,0.0,0.0,11283.800000000001,0.00011610630703530949,1,3452.0,300.0,11.506666283111125,0.0,0.0,0.0,0.0,0.0,0.0,3797.2000000000003,0.00011610630703530949,1,15447.0,1170.0,13.202563989721675,0.0,0.0,0.0,0.0,0.0,0.0,16991.7,0.00011610630703530949
8.7,7,1,3351944.0,95760.0,35.00359231046328,0.0,0.0,560.0,4.028776978417266,888.0,0.300813007111067,3687138.4000000004,0.00010449567633177854,1,1324448.0,50760.0,26.092356180832866,0.0,0.0,456.0,3.2805755395683454,24.0,0.015151515055861648,1456892.8,0.00010449567633177854,1,29137176.0,442800.0,65.80211381965216,0.0,0.0,936.0,6.733812949640288,10080.0,0.8731808724244795,32050893.6,0.00010449567633177854,1,34607820.0,838800.0,41.258726752011704,0.0,0.0,2140.0,15.39568345323741,10700.0,0.5169082123106724,38068602.0,0.00010449567633177854,1,8454.0,540.0,15.655555265637867,0.0,0.0,0.0,0.0,0.0,0.0,9299.400000000001,0.00010449567633177854,1,15992.0,720.0,22.211110802623462,0.0,0.0,2.0,0.014388489208633094,0.0,0.0,17591.2,0.00010449567633177854,1,23832.0,2070.0,11.513043422642301,0.0,0.0,0.0,0.0,0.0,0.0,26215.2,0.00010449567633177854
8.8,7,1,3521312.0,81120.0,43.40867849563502,0.0,0.0,256.0,1.841726618705036,304.0,0.15079365004566642,3873443.2,9.404610869860069e-05,1,217415.0,13050.0,16.66015324393858,0.0,0.0,100.0,0.7194244604316546,0.0,0.0,239156.50000000003,9.404610869860069e-05,1,18997540.0,545790.0,34.8074167713808,0.0,0.0,1978.0,14.23021582733813,7981.0,0.555199999613774,20897294.0,9.404610869860069e-05,1,21867820.0,709200.0,30.834489565273064,0.0,0.0,2180.0,15.683453237410072,4840.0,0.26681367129723615,24054602.000000004,9.404610869860069e-05,1,17127.0,1350.0,12.686666572691358,0.0,0.0,0.0,0.0,0.0,0.0,18839.7,9.404610869860069e-05,1,0.0,0.0,0.0,0.0,0.0,0.0,0.0,0.0,0.0,0.0,9.404610869860069e-05,1,42438.0,2790.0,15.210752633653215,0.0,0.0,3.0,0.02158273381294964,0.0,0.0,46681.8,9.404610869860069e-05
8.9,7,1,8214540.0,193500.0,42.45240309858127,0.0,0.0,920.0,6.618705035971223,2720.0,0.5190839684750306,9035994.0,8.464149782874062e-05,1,222656.0,12600.0,17.67111109708642,0.0,0.0,84.0,0.60431654676259,42.0,0.11111110817166381,244921.6,8.464149782874062e-05,1,18203444.0,310080.0,58.70563725300872,0.0,0.0,513.0,3.6906474820143886,8113.0,0.8767967136314745,20023788.400000002,8.464149782874062e-05,1,18662400.0,619920.0,30.10452961623912,0.0,0.0,1926.0,13.856115107913668,3600.0,0.2094240836478045,20528640.0,8.464149782874062e-05,1,34308.0,1530.0,22.42352926520569,0.0,0.0,0.0,0.0,15.0,0.3333332592592757,37738.8,8.464149782874062e-05,1,1611.0,360.0,4.474999875694448,0.0,0.0,0.0,0.0,0.0,0.0,1772.1000000000001,8.464149782874062e-05,1,45006.0,2340.0,19.2333332511396,0.0,0.0,3.0,0.02158273381294964,0.0,0.0,49506.600000000006,8.464149782874062e-05
9.0,7,1,5072770.0,110400.0,45.94900361902636,0.0,0.0,270.0,1.9424460431654675,2660.0,0.939929325300603,5580047.0,7.617734804586657e-05,1,289000.0,18000.0,16.0555555466358,0.0,0.0,72.0,0.5179856115107914,80.0,0.19999999500000012,317900.0,7.617734804586657e-05,1,16273120.0,316800.0,51.36717171555028,0.0,0.0,980.0,7.0503597122302155,4740.0,0.7095808372611065,17900432.0,7.617734804586657e-05,1,33635700.0,930240.0,36.15808823490542,0.0,0.0,2014.0,14.489208633093526,11799.0,0.4715261957113351,36999270.0,7.617734804586657e-05,1,27813.0,1350.0,20.60222206961317,0.0,0.0,0.0,0.0,18.0,0.5999998000000667,30594.300000000003,7.617734804586657e-05,1,0.0,0.0,0.0,0.0,0.0,0.0,0.0,0.0,0.0,0.0,7.617734804586657e-05,1,4782.0,660.0,7.245454435674933,0.0,0.0,2.0,0.014388489208633094,0.0,0.0,5260.200000000001,7.617734804586657e-05
9.1,7,1,3226977.0,73710.0,43.77936507342567,0.0,0.0,180.0,1.2949640287769784,1899.0,0.9254385919812933,3549674.7,6.85596132412799e-05,1,101382.0,6120.0,16.56568624744169,0.0,0.0,6.0,0.04316546762589928,18.0,0.13636362603305863,111520.20000000001,6.85596132412799e-05,1,21393372.0,810480.0,26.395928338436534,0.0,0.0,1078.0,7.755395683453237,6512.0,0.33712984037216304,23532709.200000003,6.85596132412799e-05,1,38321580.0,1132560.0,33.83624708594832,0.0,0.0,2310.0,16.618705035971225,12210.0,0.4418789807318041,42153738.0,6.85596132412799e-05,1,15864.0,720.0,22.03333302731482,0.0,0.0,4.0,0.02877697841726619,0.0,0.0,17450.4,6.85596132412799e-05,1,6462.0,180.0,35.899998005555666,0.0,0.0,0.0,0.0,4.0,0.6666655555574075,7108.200000000001,6.85596132412799e-05,1,0.0,0.0,0.0,0.0,0.0,0.0,0.0,0.0,0.0,0.0,6.85596132412799e-05
9.2,7,1,2575515.0,50250.0,51.25402984054646,0.0,0.0,125.0,0.8992805755395683,1030.0,0.9115044167123503,2833066.5,6.170365191715192e-05,1,928492.0,14760.0,62.90596201700138,0.0,0.0,24.0,0.17266187050359713,424.0,0.9059828866242974,1021341.2000000001,6.170365191715192e-05,1,56765800.0,1021020.0,55.597147949544606,0.0,0.0,1586.0,11.410071942446043,16822.0,0.6964477930378208,62442380.00000001,6.170365191715192e-05,1,44018940.0,1186920.0,37.08669497491754,0.0,0.0,2037.0,14.654676258992806,15645.0,0.525758644848016,48420834.00000001,6.170365191715192e-05,1,22617.0,900.0,25.129999720777782,0.0,0.0,0.0,0.0,0.0,0.0,24878.7,6.170365191715192e-05,1,5357.0,150.0,35.7133309524446,0.0,0.0,0.0,0.0,4.0,0.7999984000032001,5892.700000000001,6.170365191715192e-05,1,372045.0,6390.0,58.22300460371987,0.0,0.0,0.0,0.0,204.0,1.2363635614325115,409249.50000000006,6.170365191715192e-05
9.3,7,1,1599524.0,35160.0,45.49271898592357,0.0,0.0,156.0,1.1223021582733812,140.0,0.19230768966610318,1759476.4000000001,5.553328672543673e-05,1,3599725.0,48900.0,73.6140081649051,0.0,0.0,45.0,0.3237410071942446,1525.0,0.9531249940429688,3959697.5000000005,5.553328672543673e-05,1,29517900.0,758250.0,38.92898120621261,0.0,0.0,2350.0,16.906474820143885,9225.0,0.5599393016328138,32469690.000000004,5.553328672543673e-05,1,38519844.0,1140480.0,33.77511574044459,0.0,0.0,2288.0,16.46043165467626,14740.0,0.510670731530394,42371828.400000006,5.553328672543673e-05,1,36045.0,2070.0,17.413043394139887,0.0,0.0,6.0,0.04316546762589928,0.0,0.0,39649.5,5.553328672543673e-05,1,10630.0,240.0,44.29166482118063,0.0,0.0,0.0,0.0,8.0,0.9999987500015626,11693.000000000002,5.553328672543673e-05,1,1601412.0,22920.0,69.86963347736928,0.0,0.0,36.0,0.2589928057553957,760.0,1.0160427671652037,1761553.2000000002,5.553328672543673e-05
9.4,7,1,2352510.0,36600.0,64.2762294906349,0.0,0.0,65.0,0.4676258992805755,1045.0,0.9086956442722118,2587761.0,4.997995805289306e-05,1,2337035.0,35850.0,65.18926079074218,0.0,0.0,70.0,0.5035971223021583,1060.0,0.9724770552983757,2570738.5,4.997995805289306e-05,1,45257400.0,895860.0,50.51838456845358,0.0,0.0,2565.0,18.453237410071942,13014.0,0.6685159497259383,49783140.00000001,4.997995805289306e-05,1,32836864.0,818520.0,40.117363045006634,0.0,0.0,1805.0,12.985611510791367,7790.0,0.37104072380517233,36120550.400000006,4.997995805289306e-05,1,8956.0,660.0,13.569696764095504,0.0,0.0,0.0,0.0,6.0,0.42857112244919826,9851.6,4.997995805289306e-05,1,5357.0,180.0,29.76110945771614,0.0,0.0,0.0,0.0,5.0,1.2499968750078125,5892.700000000001,4.997995805289306e-05,1,1610772.0,29880.0,53.90803211047255,0.0,0.0,52.0,0.37410071942446044,968.0,1.2284263803499191,1771849.2000000002,4.997995805289306e-05
9.5,7,1,3102282.0,47520.0,65.28371210747396,0.0,0.0,324.0,2.3309352517985613,240.0,0.2515723244069987,3412510.2,4.498196224760375e-05,1,3656352.0,82980.0,44.063051332361646,0.0,0.0,294.0,2.115107913669065,1836.0,0.8406593368101678,4021987.2,4.498196224760375e-05,1,42648164.0,1054320.0,40.45087259996537,0.0,0.0,2323.0,16.712230215827336,16445.0,0.6861804219785611,46912980.400000006,4.498196224760375e-05,1,39255106.0,797940.0,49.19556106913809,0.0,0.0,2332.0,16.776978417266186,9284.0,0.4328205126187317,43180616.6,4.498196224760375e-05,1,0.0,0.0,0.0,0.0,0.0,0.0,0.0,0.0,0.0,0.0,4.498196224760375e-05,1,5637.0,240.0,23.487499021354207,0.0,0.0,0.0,0.0,7.0,1.1666647222254631,6200.700000000001,4.498196224760375e-05,1,1500384.0,16440.0,91.26423352112882,0.0,0.0,52.0,0.37410071942446044,440.0,1.3414633737358728,1650422.4000000001,4.498196224760375e-05
9.6,7,1,2270232.0,44640.0,50.85645160151065,0.0,0.0,162.0,1.1654676258992807,174.0,0.14646464523177907,2497255.2,4.0483766022843375e-05,1,2083250.0,31350.0,66.45135564068538,0.0,0.0,45.0,0.3237410071942446,995.0,0.9802955568443787,2291575.0,4.0483766022843375e-05,1,67080930.0,704340.0,95.23941562178437,0.0,0.0,1806.0,12.992805755395683,19467.0,0.9819915249283739,73789023.0,4.0483766022843375e-05,1,39444573.0,910980.0,43.29905486351732,0.0,0.0,1512.0,10.877697841726619,10857.0,0.4653465344540112,43389030.300000004,4.0483766022843375e-05,1,1660.0,300.0,5.533333148888896,0.0,0.0,0.0,0.0,0.0,0.0,1826.0000000000002,4.0483766022843375e-05,1,6524.0,300.0,21.746665941777803,0.0,0.0,0.0,0.0,10.0,1.6666638888935186,7176.400000000001,4.0483766022843375e-05,1,4094993.0,68880.0,59.451117877547745,0.0,0.0,182.0,1.3093525179856116,1337.0,0.868181812544274,4504492.300000001,4.0483766022843375e-05
9.7,7,1,2711382.0,46800.0,57.93551280813343,0.0,0.0,72.0,0.5179856115107914,1206.0,0.8516949092394428,2982520.2,3.643538942055904e-05,1,2406180.0,45900.0,52.42222221080125,0.0,0.0,105.0,0.7553956834532374,1055.0,1.0445544451034214,2646798.0,3.643538942055904e-05,1,20663560.0,408000.0,50.64598039091554,0.0,0.0,540.0,3.884892086330935,11940.0,1.175196849237011,22729916.0,3.643538942055904e-05,1,51392638.0,1275780.0,40.283307466488864,0.0,0.0,1782.0,12.820143884892087,15840.0,0.45656309435159875,56531901.800000004,3.643538942055904e-05,1,19438.0,1020.0,19.056862558266054,0.0,0.0,4.0,0.02877697841726619,0.0,0.0,21381.800000000003,3.643538942055904e-05,1,49290.0,2520.0,19.55952373190665,0.0,0.0,0.0,0.0,9.0,0.18749996093750812,54219.00000000001,3.643538942055904e-05,1,2747725.0,55050.0,49.91326066304936,0.0,0.0,145.0,1.0431654676258992,1125.0,1.0135135043827612,3022497.5000000005,3.643538942055904e-05
9.8,7,1,3753183.0,73710.0,50.918233611325704,0.0,0.0,140.0,1.0071942446043165,2079.0,1.2584745686533017,4128501.3000000003,3.279185047850314e-05,1,2660290.0,50100.0,53.09960078780447,0.0,0.0,105.0,0.7553956834532374,1460.0,1.2977777662419754,2926319.0000000005,3.279185047850314e-05,1,16607920.0,331200.0,50.14468598882413,0.0,0.0,540.0,3.884892086330935,8600.0,1.1845730011231776,18268712.0,3.279185047850314e-05,1,70695537.0,1655310.0,42.70833680674491,0.0,0.0,2139.0,15.388489208633093,43470.0,0.9152542370954302,77765090.7,3.279185047850314e-05,1,31737.0,1890.0,16.792063403216595,0.0,0.0,3.0,0.02158273381294964,0.0,0.0,34910.700000000004,3.279185047850314e-05,1,9300.0,360.0,25.833332615740762,0.0,0.0,0.0,0.0,1.0,0.12499984375019532,10230.0,3.279185047850314e-05,1,2658700.0,56250.0,47.26577776937497,0.0,0.0,125.0,0.8992805755395683,1340.0,1.160173150128371,2924570.0000000005,3.279185047850314e-05
9.9,7,1,2894772.0,59940.0,48.29449448643735,0.0,0.0,144.0,1.0359712230215827,1182.0,0.9162790626645034,3184249.2,2.9512665430652825e-05,1,4892370.0,126210.0,38.76372711839286,0.0,0.0,630.0,4.532374100719425,2016.0,0.606315787650178,5381607.0,2.9512665430652825e-05,1,13071130.0,322920.0,40.477920226666726,0.0,0.0,575.0,4.136690647482014,5819.0,0.8576271173800633,14378243.000000002,2.9512665430652825e-05,1,58188228.0,1585080.0,36.709962903848954,0.0,0.0,2163.0,15.56115107913669,30156.0,0.659320477358144,64007050.800000004,2.9512665430652825e-05,1,28443.0,2700.0,10.534444405427983,0.0,0.0,6.0,0.04316546762589928,0.0,0.0,31287.300000000003,2.9512665430652825e-05,1,11400.0,510.0,22.352940738177633,0.0,0.0,1.0,0.007194244604316547,0.0,0.0,12540.000000000002,2.9512665430652825e-05,1,3033724.0,77520.0,39.134726517139484,0.0,0.0,348.0,2.5035971223021583,1040.0,0.5231388303665049,3337096.4000000004,2.9512665430652825e-05
10.0,7,1,0.0,0.0,0.0,0.0,0.0,0.0,0.0,0.0,0.0,0.0,2.6561398887587544e-05,1,0.0,0.0,0.0,0.0,0.0,0.0,0.0,0.0,0.0,0.0,2.6561398887587544e-05,1,0.0,0.0,0.0,0.0,0.0,0.0,0.0,0.0,0.0,0.0,2.6561398887587544e-05,1,0.0,0.0,0.0,0.0,0.0,0.0,0.0,0.0,0.0,0.0,2.6561398887587544e-05,1,0.0,0.0,0.0,0.0,0.0,0.0,0.0,0.0,0.0,0.0,2.6561398887587544e-05,1,0.0,0.0,0.0,0.0,0.0,0.0,0.0,0.0,0.0,0.0,2.6561398887587544e-05,1,0.0,0.0,0.0,0.0,0.0,0.0,0.0,0.0,0.0,0.0,2.6561398887587544e-05
